Workbook
Name am: Annuity!$C$1
Name gr: Annuity!$C$3
Name ir: Annuity!$C$5
Name per: Annuity!$C$2
Name pi: Annuity!$E$2

Sheet Data
B2: MƏLUMAT PƏNCƏRƏSİ
E3: Kreditin verilmə tarixi | H3: № Müqavilə
E5: 45768 | F5: 20.04.2025 | I5: 04/2078-25
E7: Kreditin son tarixi
E9: =IF(Data!C78<=6,Лист2!M21,IF(Data!C78<=12,Лист2!M22,IF(Data!C78<=18,Лист2!M23,IF(Data!C78<=24,Лист2!M24,0)))) -> 46133 | H9: 7 | K9: GA-2.2.
F11: LA-3.2.6. | H11: 0 | J11: % | K11: LA-2.2.
E13: =C76 -> 0 | F13: LA-3.3.3. | H13: =E13*2 -> 0 | J13: % | K13: LA-2.7.
E15: 7 | F15: LA-3.3.3. | H15: 1 | J15: % | K15: LA-2.6.
E17: =E13 -> 0 | H17: 3 | K17: LA-7.2.
K18: GA-2.2.
B19: Borcalanın rekvizitləri | C19: seriya nömrəsi | E19: verilmə tarixi | F19: fin kod
A21: TRUE | B21: Şəxsiyyət vəsiqəsi | C21: AA5512135 | E21: 29.10.2023 | F21: 6AEE7KZ
B23: Borcalan Haqında | C23: Yunusov Vüqar Fikrət oğlu
B25: Borcalan haqında | C25: =C23 -> Yunusov Vüqar Fikrət oğlu
B27: Kim tərəfindən verilib | C27: Asan4
B29: Qeydiyyat ünvanı | C29: NEFTÇALA RAYONU, XOL QARABUCAQ Ə/D, DÖRDLƏR KƏNDİ
B31: faktiki yaşayış ünvanı | C31: Sabunçu ray., Kürdəxanı qəs,Elton İsgəndərov küç,23-cü məhəllə, (113 nömrəli məktəb tərəf)
B33: Telefonlar | C33: 0703732363 müştəri,
B35: Doğum yeri və tarixi | C35: Azərbaycan | D35: Bakı | E35: 25.12.1964
B37: Vətəndaşlığı | C37: Azərbaycanlı
B39: Ailə vəziyəti | C39: Evli
B41: Təhsili | C41: Orta
B43: İşlədiyi yerin hüquqi adı | C43: Fərdi gəlirlər
B45: İşlədiyi yerin ünvanı | C45: Bakı
B47: Tutdulduğu vəzifə və staj | C47: Diş texniki
B49: Aylıq əmək haqqı | C49: 1500 | E49: Ödənilmə mənbələri | F49: Əmək haqqı
B51: Digər gəlirlərin cəmi | C51: 0 | E51: Kart nömrəsi
B53: Ailə gəlirləri | C53: 500
B55: Xərclərin cəmi | C55: 1500
B57: Xalis gəlir (ixrac) | C57: =C49+C51+C53-C55 -> 500
B59: Uşaqların sayı və təvəllüdü | C59: 2
B61: BOKT aidiyyatı olan şəxs | C61: Yox
B63: Müəssisənin mülkiyyət forması | D63: Fiziki şəxs
B65: Fəaliyyət növü (borcalan fiziki şəxsdirsə məşquliyyət növü) | D65: Əmək haqqı
B67: 2200
B68: Kreditin məqsədi | C68: İstehlak mal(lar)ının alınması üçün
K69: 3
A70: Qeyriqənəatbəxş | B70: Maliyə Təhlili | C70: =A72 -> Qənaətbəxş | E70: =A72 -> Qənaətbəxş | K70: 3
K71: 3
A72: Qənaətbəxş | B72: Digər şərtlər | C72: yoxdur
D73: 1 | F73: 1 | K73: 3
A74: AZN | B74: Kreditin məbləği | C74: 1272 | D74: AZN | F74: =IF(F73=1,1,IF(F73=2,10,"")) -> 1 | H74: =IF(B77=1,K73,IF(B77=2,K74,IF(B77=3,B75,IF(B77=4,K76,"")))) | K74: 3
A75: USD
A76: EUR | B76: Faiz Dərəcəsi | C76: 0 | D76: İllik % | K76: 35
A78: 1 | B78: Kreditin müddəti | C78: 12 | D78: Aylar
A79: 10 | B79: 0
B80: Güzəşt müddəti | C80: 0 | D80: Aylar
B82: Aylıq ödəniş | C82: =Annuity!F1 -> 106 | D82: =D74 -> AZN | K82: LA-2.1.
B84: Mal(lar)ın tam dəyəri | C84: 1672 | D84: AZN
B86: Komissiya faizi | C86: =IF(C78<4,C140,IF(C78<7,C142,IF(C78<10,C144,IF(C78<13,C146,IF(C78<16,C148,IF(C78<19,F140,IF(C78<25,F142,IF(C78<31,F144,)))))))) -> 20 | D86: %
B88: Kart xərci | C88: 0 | D88: AZN
B90: Kreditin təminatı | C90: Daşınar əmlak-İstehlak malları
B92: Kreditlə alınacaq məhsullar | C92: Monitor,kamera,Ambians , Led
B94: Partnyor (sahibkarın) adı: | C94: Fərəcov Elsevər Ələmdar oğlu
A95: Qeyriqənəatbəxş
B96: Rəsmi/Qeyri rəsmi gəlir: | C96: Rəsmi
B98: Zaminlərin rekvizitləri | C98: ZAMİN 1
A99: Qənaətbəxş
C100: Seriya nömrəsi | E100: Verilmə tarixi
B102: Şəxsiyyət vəsiqəsi
A103: AZN
A104: USD | B104: Kim tərəfindən verilib | C104: ASAN 2
A105: EUR
B106: Ad,Soy ad, Atasının adı
A107: 1
A108: 10 | B108: Borcalan Haqında
B110: Qeydiyyat ünvanı
B112: Yaşadığı ünvanı
B114: Telfonlar
A116: USD | B116: Zaminlərin rekvizitləri
A117: EUR
C118: Seriya nömrəsi | E118: Verilmə tarixi
B120: Şəxsiyyət vəsiqəsi
A121: 1
A122: 10 | B122: Kim tərəfindən verilib
B124: Ad,Soy ad, Atasının adı
B126: Borcalan Haqında
B128: Qeydiyyat ünvanı
B130: Yaşadığı ünvanı
B132: Telfonlar
B134: Qanunvericilik üzrə misli | D134: 300
B136: Ölkə üzrə minimum əmək haqqı | D136: 400
B138: Partnyorla işləyəcəyimiz faiz dərəcələri
B140: 3 ayadək | C140: 7 | E140: 18 ayadək | F140: 25.6
B142: 6 ayadək | C142: 12 | E142: 24 ayadək | F142: 28.55
B144: 9 ayadək | C144: 16 | E144: 30 ayadək | F144: 0
B146: 12 ayadək | C146: 20
B148: 15 ayadək | C148: 23

Sheet Ərizə
W6: BOKT "İDEAL KREDİT" MMC
W7: Partnyorluq kreditləri bölməsinin müdiri Vüsal Şirməmmədov
W8: =Data!C29 -> NEFTÇALA RAYONU, XOL QARABUCAQ Ə/D, DÖRDLƏR KƏNDİ
W10: ünvanda qeydiyyatda olan fiziki şəxs
W11: =Data!C23 -> Yunusov Vüqar Fikrət oğlu
W12: (şəxsiyyət vəsiqəsi № | AI12: =Data!C21 -> AA5512135
AM13: =Data!E21 -> 29.10.2023 | AT13: )
N24: ƏRİZƏ
F26: Yazıb sizdən xahiş edirəm ki, | T26: =Data!C68 -> İstehlak mal(lar)ının alınması üçün | AO26: mənə | AR26: =Data!C78 -> 12 | AU26: ay
C28: müddətinə | I28: =Data!C74 -> 1272 | R28: =PP!AK6 -> (Bir min iki yüz yetmiş iki manat ) | AQ28: məbləğində
C30: kredit verəsiniz.
C36: =Data!C25 -> Yunusov Vüqar Fikrət oğlu | AE36: =Data!F5 -> 20.04.2025 | AP36: cü il

Sheet PP
I1: Ödəniş qaydası: Bank xidmətləri - İDEAL KREDİT
J3: Ödəniş etmək üçün məlumatlar
J4: FİN kod: | L4: =Data!F21 -> 6AEE7KZ
C5: VÖEN: | D5: 1300480591 | J5: Doğum tarixi: | L5: =Data!E35 -> 25.12.1964 | Y5: =TODAY() -> 45786
D6: ÖDƏNİŞ QRAFİKİ | J6: Ödəniş sistemləri ilə ödəmək üçün | Y6: =IF(MONTH(Y5)=1,"йанвар",(IF(MONTH(Y5)=2,"феврал",(IF(MONTH(Y5)=3,"март",(IF(MONTH(Y5)=4,"апрел",(IF(MONTH(Y5)=5,"май",(IF(MONTH(Y5)=6,"ийун",(IF(MONTH(Y5)=7,"ийул",""))))))))))))) -> май | AK6: =CONCATENATE("(",R16,")") -> (Bir min iki yüz yetmiş iki manat )
C7: =Data!I5 -> 04/2078-25 | D7: saylı kredit müqaviləsinə 1 Saylı əlavə | S7: Ссуданын юдянилмяси цчцн | Y7: =IF(Y6="",(IF(MONTH(Y5)=8,"август",(IF(MONTH(Y5)=9,"сентйабр",(IF(MONTH(Y5)=10,"октйабр",(IF(MONTH(Y5)=11,"нойабр",(IF(MONTH(Y5)=12,"декабр","")))))))))),"")
S8: Фаизин юдянилмяси цчцн | Y8: =YEAR(Y5) -> 2025
C9: Tarix: | D9: =Data!E5 -> 45768 | S9: Пластик карт кредити цзря юдяниш
C10: Məbləğ: | D10: =Data!C74 -> 1272 | E10: AZN | R10: =D10 -> 1272
C11: İllik faiz: | D11: =Data!C76 -> 0 | E11: % | J11: Bank Hesablarımıza ödəmək üçün | P11: =Data!C86 -> 20 | R11: =INT(R10/10000000000) -> 0 | S11: =INT(R10/1000000000)-R11*10 -> 0 | U11: =INT(R10/100000000)-(S11*10+R11*100) -> 0 | W11: =INT(R10/10000000)-(U11*10+S11*100+R11*1000) -> 0 | X11: =INT(R10/1000000)-(R11*10000+S11*1000+U11*100+W11*10) -> 0 | Z11: =INT(R10/100000)-(R11*100000+S11*10000+U11*1000+W11*100+X11*10) -> 0 | AB11: =INT(R10/10000)-(R11*1000000+S11*100000+U11*10000+W11*1000+X11*100+Z11*10) -> 0 | AC11: =INT(R10/1000)-(R11*10000000+S11*1000000+U11*100000+W11*10000+X11*1000+Z11*100+AB11*10) -> 1 | AE11: =INT(R10/100)-(R11*100000000+S11*10000000+U11*1000000+W11*100000+X11*10000+Z11*1000+AB11*100+AC11*10) -> 2 | AG11: =INT(R10/10)-(R11*1000000000+S11*100000000+U11*10000000+W11*1000000+X11*100000+Z11*10000+AB11*1000+AC11*100+AE11*10) -> 7 | AH11: =INT(R10)-(R11*10000000000+S11*1000000000+U11*100000000+W11*10000000+X11*1000000+Z11*100000+AB11*10000+AC11*1000+AE11*100+AG11*10) -> 2 | AI11: =INT(R10*10)-(R11*100000000000+S11*10000000000+U11*1000000000+W11*100000000+X11*10000000+Z11*1000000+AB11*100000+AC11*10000+AE11*1000+AG11*100+AH11*10) -> 0 | AJ11: =INT(R10*100)-(R11*1000000000000+S11*100000000000+U11*10000000000+W11*1000000000+X11*100000000+Z11*10000000+AB11*1000000+AC11*100000+AE11*10000+AG11*1000+AH11*100+AI11*10) -> 0
C12: Müddət: | D12: =Data!C78 -> 12 | E12: ay | J12: Azərpoçt MMC PF 1 | P12: =(Data!C74+(Data!C74*Data!C86%)+Data!C88+G78) -> 1526.4 | R12: =IF(R11=0," ",IF(R11=1," On ",IF(R11=2," İyirmi",IF(R11=3," Otuz",IF(R11=4," Qırx"," ")))))&IF(R11=5," Əlli",IF(R11=6," Altmış",IF(R11=7," Yetmiş",IF(R11=8," Səksən",IF(R11=9," Doxsan"," "))))) | S12: =IF(S11=0," ",IF(S11=1," bir",IF(S11=2," iki",IF(S11=3," üç",IF(S11=4," dörd"," ")))))&IF(S11=5," beş",IF(S11=6," altı",IF(S11=7," yeddi",IF(S11=8," səkkiz",IF(S11=9," doqquz"," "))))) | T12: =IF(AND(S11=0,R11=0)," "," milyard ") | U12: =IF(U11=0," ",IF(U11=1,"bir ",IF(U11=2,"iki ",IF(U11=3,"üç ",IF(U11=4,"dörd "," ")))))&IF(U11=5,"beş ",IF(U11=6,"altı ",IF(U11=7,"yeddi ",IF(U11=8,"səkkiz ",IF(U11=9,"doqquz "," "))))) | V12: =IF(U12=" "," "," yüz ") | W12: =IF(W11=0," ",IF(W11=1,"on ",IF(W11=2,"iyirmi ",IF(W11=3,"otuz ",IF(W11=4,"qırx "," ")))))&IF(W11=5,"əlli ",IF(W11=6,"altmış ",IF(W11=7,"yetmiş ",IF(W11=8,"səksən ",IF(W11=9,"doxsan "," "))))) | X12: =IF(X11=0," ",IF(X11=1,"bir",IF(X11=2,"iki",IF(X11=3,"üç",IF(X11=4,"dörd"," ")))))&IF(X11=5,"beş",IF(X11=6,"altı",IF(X11=7,"yeddi",IF(X11=8,"səkkiz",IF(X11=9,"doqquz"," "))))) | Y12: =IF(AND(W11=0,U11=0,X11=0)," "," milyon ") | Z12: =IF(Z11=0," ",IF(Z11=1,"bir ",IF(Z11=2,"iki ",IF(Z11=3,"üç ",IF(Z11=4,"dörd "," ")))))&IF(Z11=5,"beş ",IF(Z11=6,"altı ",IF(Z11=7,"yeddi ",IF(Z11=8,"səkkiz ",IF(Z11=9,"doqquz "," "))))) | AA12: =IF(Z12=" "," "," yüz ") | AB12: =IF(AB11=0," ",IF(AB11=1,"on ",IF(AB11=2,"iyirmi ",IF(AB11=3,"otuz ",IF(AB11=4,"qırx "," ")))))&IF(AB11=5,"əlli ",IF(AB11=6,"altmış ",IF(AB11=7,"yetmiş ",IF(AB11=8,"səksən ",IF(AB11=9,"doxsan "," "))))) | AC12: =IF(AC11=0," ",IF(AC11=1,"bir",IF(AC11=2,"iki",IF(AC11=3,"üç",IF(AC11=4,"dörd"," ")))))&IF(AC11=5,"beş",IF(AC11=6,"altı",IF(AC11=7,"yeddi",IF(AC11=8,"səkkiz",IF(AC11=9,"doqquz"," "))))) -> bir | AD12: =IF(AND(AB11=0,Z11=0,AC11=0)," "," min ") -> min | AE12: =IF(AE11=0," ",IF(AE11=1,"bir ",IF(AE11=2,"iki ",IF(AE11=3,"üç ",IF(AE11=4,"dörd "," ")))))&IF(AE11=5,"beş ",IF(AE11=6,"altı ",IF(AE11=7,"yeddi ",IF(AE11=8,"səkkiz ",IF(AE11=9,"doqquz "," "))))) -> iki | AF12: =IF(AE12=" "," "," yüz ") -> yüz | AG12: =IF(AG11=0," ",IF(AG11=1," on",IF(AG11=2," iyirmi",IF(AG11=3," otuz",IF(AG11=4," qırx"," ")))))&IF(AG11=5," əlli",IF(AG11=6," altmış",IF(AG11=7," yetmiş",IF(AG11=8," səksən",IF(AG11=9," doxsan"," "))))) -> yetmiş | AH12: =IF(AH11=0," ",IF(AH11=1," bir",IF(AH11=2," iki",IF(AH11=3," üç",IF(AH11=4," dörd"," ")))))&IF(AH11=5," beş",IF(AH11=6," altı",IF(AH11=7," yeddi",IF(AH11=8," səkkiz",IF(AH11=9," doqquz"," "))))) -> iki | AI12: =IF(AI11=0," ",IF(AI11=1," он",IF(AI11=2," ийирми",IF(AI11=3," отуз",IF(AI11=4," гырх"," ")))))&IF(AI11=5," ялли",IF(AI11=6," алтмыш",IF(AI11=7," йетмиш",IF(AI11=8," сяксян",IF(AI11=9," дохсан"," "))))) | AJ12: =IF(AJ11=0," ",IF(AJ11=1," bir",IF(AJ11=2," iki",IF(AJ11=3," üç",IF(AJ11=4," dörd"," ")))))&IF(AJ11=5," beş",IF(AJ11=6," altı",IF(AJ11=7," yeddi",IF(AJ11=8," səkkiz",IF(AJ11=9," doqquz"," ")))))
C13: Güzəşt müd: | D13: =Data!C80 -> 0 | E13: ay | J13: H/h: AZ05AZPO91015461400420200413 | P13: =P12-D10 -> 254.4 | R13: =PROPER(R12) | S13: =IF(R12=" ",PROPER(S12),S12) | T13: =T12 | U13: =IF(AND(R12=" ",S12=" ",T12=" "),PROPER(U12),U12) | V13: =V12 | W13: =IF(AND(R12=" ",S12=" ",T12=" ",U12=" ",V12=" "),PROPER(W12),W12) | X13: =IF(AND(R12=" ",S12=" ",T12=" ",U12=" ",V12=" ",W12=" "),PROPER(X12),X12) | Y13: =Y12 | Z13: =IF(AND(R12=" ",S12=" ",T12=" ",U12=" ",V12=" ",W12=" ",X12=" ",Y12=" "),PROPER(Z12),Z12) | AA13: =AA12 | AB13: =IF(AND(R12=" ",S12=" ",T12=" ",U12=" ",V12=" ",W12=" ",X12=" ",Y12=" ",Z12=" ",AA12=" "),PROPER(AB12),AB12) | AC13: =IF(AND(R12=" ",S12=" ",T12=" ",U12=" ",V12=" ",W12=" ",X12=" ",Y12=" ",Z12=" ",AA12=" ",AB12=" "),PROPER(AC12),AC12) -> Bir | AD13: =AD12 -> min | AE13: =IF(AND(R12=" ",S12=" ",T12=" ",U12=" ",V12=" ",W12=" ",X12=" ",Y12=" ",Z12=" ",AA12=" ",AB12=" ",AC12=" ",AD12=" "),PROPER(AE12),AE12) -> iki | AF13: =AF12 -> yüz | AG13: =IF(AND(R12=" ",S12=" ",T12=" ",U12=" ",V12=" ",W12=" ",X12=" ",Y12=" ",Z12=" ",AA12=" ",AB12=" ",AC12=" ",AD12=" ",AE12=" ",AF12=" "),PROPER(AG12),AG12) -> yetmiş | AH13: =IF(AND(R12=" ",S12=" ",T12=" ",U12=" ",V12=" ",W12=" ",X12=" ",Y12=" ",Z12=" ",AA12=" ",AB12=" ",AC12=" ",AD12=" ",AE12=" ",AF12=" ",AG12=" "),PROPER(AH12),AH12) -> iki | AI13: =IF(AND(S12=" ",T12=" ",U12=" ",V12=" ",W12=" ",X12=" ",Y12=" ",Z12=" ",AA12=" ",AB12=" ",AC12=" ",AD12=" ",AE12=" ",AF12=" ",AG12=" ",AH12=" "),PROPER(AI12),AI12) | AJ13: =IF(AND(T12=" ",U12=" ",V12=" ",W12=" ",X12=" ",Y12=" ",Z12=" ",AA12=" ",AB12=" ",AC12=" ",AD12=" ",AE12=" ",AF12=" ",AG12=" ",AH12=" ",AI12=" "),PROPER(AJ12),AJ12)
C14: Aylıq ödəniş: | D14: =Annuity!F1 -> 106 | E14: AZN | J14: * Bu hesab üzrə istənilən filialdan ödəmək olar. | P14: =D10-P13 -> 1017.6 | R14: =TRIM(R13&S13&T13&U13&V13&W13&X13&Y13&Z13&AA13&AB13&AC13&AD13&AE13&AF13&AG13&AH13&" manat") -> Bir min iki yüz yetmiş iki manat
C15: Cərimə: | D15: Gecikdirilmiş əsas məbləğə hər gün 1% cərimə hesablanır. | P15: =D10*Data!C86% -> 254.4
C16: Tarix | D16: Ayların sayı | E16: Ödəniş | F16: Əsas borc | G16: Faiz | H16: Qalıq | J16: Beynəlxalq Bank ASC Nərimanov filialı | P16: =Data!C78 -> 12 | R16: =CONCATENATE(R14," ",R15) -> Bir min iki yüz yetmiş iki manat
C17: =Data!E5 -> 45768 | D17: 0 | J17: H/h: AZ42IBAZ40090019442129326206 | P17: =(P14-D10)*(P13%/P11) -> -32.35968
A18: =IF(C17,DATE((YEAR(C17)-1900),MONTH(C17)+1,IF(DAY(C17)>DAY(DATE((YEAR(C17)-1900),MONTH(C17)+2,1)-1),DAY(DATE((YEAR(C17)-1900),MONTH(C17)+2,1)-1),DAY(C$17)))) -> 45798 | B18: =WEEKDAY(A18,2) -> 3 | C18: =IF(D18="-","-",IF(MONTH(IF(B18=6,A18-1,IF(B18=7,A18+1,A18)))=MONTH(C17),A18+2,IF(MONTH(IF(B18=6,A18-1,IF(B18=7,A18+1,A18)))=MONTH(A19),A18-2,IF(B18=6,A18-1,IF(B18=7,A18+1,A18))))) -> 45798 | D18: =IF(D$12>D17,D17+1,"-") -> 1 | E18: =SUM(F18:G18) -> 106 | F18: =Annuity!E8 -> 106 | G18: =Annuity!F8 -> 0 | H18: =D10-F18 -> 1166 | J18: * Bu hesab üzrə istənilən filialdan ödəmək olar.
A19: =IF(A18,DATE((YEAR(A18)-1900),MONTH(A18)+1,IF(DAY(A18)>DAY(DATE((YEAR(A18)-1900),MONTH(A18)+2,1)-1),DAY(DATE((YEAR(A18)-1900),MONTH(A18)+2,1)-1),DAY(C$17)))) -> 45829 | B19: =WEEKDAY(A19,2) -> 6 | C19: =IF(D19="-","-",IF(MONTH(IF(B19=6,A19-1,IF(B19=7,A19+1,A19)))=MONTH(C18),A19+2,IF(MONTH(IF(B19=6,A19-1,IF(B19=7,A19+1,A19)))=MONTH(A20),A19-2,IF(B19=6,A19-1,IF(B19=7,A19+1,A19))))) -> 45828 | D19: =IF(D$12>D18,D18+1,"-") -> 2 | E19: =SUM(F19:G19) -> 106 | F19: =Annuity!E9 -> 106 | G19: =Annuity!F9 -> 0 | H19: =H18-F19 -> 1060 | P19: =(PP!O12-PP!F78)*PP!D11/PP!G78 -> #DIV/0!
A20: =IF(A19,DATE((YEAR(A19)-1900),MONTH(A19)+1,IF(DAY(A19)>DAY(DATE((YEAR(A19)-1900),MONTH(A19)+2,1)-1),DAY(DATE((YEAR(A19)-1900),MONTH(A19)+2,1)-1),DAY(C$17)))) -> 45859 | B20: =WEEKDAY(A20,2) -> 1 | C20: =IF(D20="-","-",IF(MONTH(IF(B20=6,A20-1,IF(B20=7,A20+1,A20)))=MONTH(C19),A20+2,IF(MONTH(IF(B20=6,A20-1,IF(B20=7,A20+1,A20)))=MONTH(A21),A20-2,IF(B20=6,A20-1,IF(B20=7,A20+1,A20))))) -> 45859 | D20: =IF(D$12>D19,D19+1,"-") -> 3 | E20: =SUM(F20:G20) -> 106 | F20: =Annuity!E10 -> 106 | G20: =Annuity!F10 -> 0 | H20: =H19-F20 -> 954 | J20: İDEAL KREDİT -in ünvanı:
A21: =IF(A20,DATE((YEAR(A20)-1900),MONTH(A20)+1,IF(DAY(A20)>DAY(DATE((YEAR(A20)-1900),MONTH(A20)+2,1)-1),DAY(DATE((YEAR(A20)-1900),MONTH(A20)+2,1)-1),DAY(C$17)))) -> 45890 | B21: =WEEKDAY(A21,2) -> 4 | C21: =IF(D21="-","-",IF(MONTH(IF(B21=6,A21-1,IF(B21=7,A21+1,A21)))=MONTH(C20),A21+2,IF(MONTH(IF(B21=6,A21-1,IF(B21=7,A21+1,A21)))=MONTH(A22),A21-2,IF(B21=6,A21-1,IF(B21=7,A21+1,A21))))) -> 45890 | D21: =IF(D$12>D20,D20+1,"-") -> 4 | E21: =SUM(F21:G21) -> 106 | F21: =Annuity!E11 -> 106 | G21: =Annuity!F11 -> 0 | H21: =H20-F21 -> 848 | J21: Bakı şəh, Binəqədi ray, 7-ci MKR,
A22: =IF(A21,DATE((YEAR(A21)-1900),MONTH(A21)+1,IF(DAY(A21)>DAY(DATE((YEAR(A21)-1900),MONTH(A21)+2,1)-1),DAY(DATE((YEAR(A21)-1900),MONTH(A21)+2,1)-1),DAY(C$17)))) -> 45921 | B22: =WEEKDAY(A22,2) -> 7 | C22: =IF(D22="-","-",IF(MONTH(IF(B22=6,A22-1,IF(B22=7,A22+1,A22)))=MONTH(C21),A22+2,IF(MONTH(IF(B22=6,A22-1,IF(B22=7,A22+1,A22)))=MONTH(A23),A22-2,IF(B22=6,A22-1,IF(B22=7,A22+1,A22))))) -> 45922 | D22: =IF(D$12>D21,D21+1,"-") -> 5 | E22: =SUM(F22:G22) -> 106 | F22: =Annuity!E12 -> 106 | G22: =Annuity!F12 -> 0 | H22: =H21-F22 -> 742 | J22: S.S.Axundov küç., 3123-cü məhəllə
A23: =IF(A22,DATE((YEAR(A22)-1900),MONTH(A22)+1,IF(DAY(A22)>DAY(DATE((YEAR(A22)-1900),MONTH(A22)+2,1)-1),DAY(DATE((YEAR(A22)-1900),MONTH(A22)+2,1)-1),DAY(C$17)))) -> 45951 | B23: =WEEKDAY(A23,2) -> 2 | C23: =IF(D23="-","-",IF(MONTH(IF(B23=6,A23-1,IF(B23=7,A23+1,A23)))=MONTH(C22),A23+2,IF(MONTH(IF(B23=6,A23-1,IF(B23=7,A23+1,A23)))=MONTH(A24),A23-2,IF(B23=6,A23-1,IF(B23=7,A23+1,A23))))) -> 45951 | D23: =IF(D$12>D22,D22+1,"-") -> 6 | E23: =SUM(F23:G23) -> 106 | F23: =Annuity!E13 -> 106 | G23: =Annuity!F13 -> 0 | H23: =H22-F23 -> 636 | J23: Tel: 012 526 26 25
A24: =IF(A23,DATE((YEAR(A23)-1900),MONTH(A23)+1,IF(DAY(A23)>DAY(DATE((YEAR(A23)-1900),MONTH(A23)+2,1)-1),DAY(DATE((YEAR(A23)-1900),MONTH(A23)+2,1)-1),DAY(C$17)))) -> 45982 | B24: =WEEKDAY(A24,2) -> 5 | C24: =IF(D24="-","-",IF(MONTH(IF(B24=6,A24-1,IF(B24=7,A24+1,A24)))=MONTH(C23),A24+2,IF(MONTH(IF(B24=6,A24-1,IF(B24=7,A24+1,A24)))=MONTH(A25),A24-2,IF(B24=6,A24-1,IF(B24=7,A24+1,A24))))) -> 45982 | D24: =IF(D$12>D23,D23+1,"-") -> 7 | E24: =SUM(F24:G24) -> 106 | F24: =Annuity!E14 -> 106 | G24: =Annuity!F14 -> 0 | H24: =H23-F24 -> 530
A25: =IF(A24,DATE((YEAR(A24)-1900),MONTH(A24)+1,IF(DAY(A24)>DAY(DATE((YEAR(A24)-1900),MONTH(A24)+2,1)-1),DAY(DATE((YEAR(A24)-1900),MONTH(A24)+2,1)-1),DAY(C$17)))) -> 46012 | B25: =WEEKDAY(A25,2) -> 7 | C25: =IF(D25="-","-",IF(MONTH(IF(B25=6,A25-1,IF(B25=7,A25+1,A25)))=MONTH(C24),A25+2,IF(MONTH(IF(B25=6,A25-1,IF(B25=7,A25+1,A25)))=MONTH(A26),A25-2,IF(B25=6,A25-1,IF(B25=7,A25+1,A25))))) -> 46013 | D25: =IF(D$12>D24,D24+1,"-") -> 8 | E25: =SUM(F25:G25) -> 106 | F25: =Annuity!E15 -> 106 | G25: =Annuity!F15 -> 0 | H25: =H24-F25 -> 424
A26: =IF(A25,DATE((YEAR(A25)-1900),MONTH(A25)+1,IF(DAY(A25)>DAY(DATE((YEAR(A25)-1900),MONTH(A25)+2,1)-1),DAY(DATE((YEAR(A25)-1900),MONTH(A25)+2,1)-1),DAY(C$17)))) -> 46043 | B26: =WEEKDAY(A26,2) -> 3 | C26: =IF(D26="-","-",IF(MONTH(IF(B26=6,A26-1,IF(B26=7,A26+1,A26)))=MONTH(C25),A26+2,IF(MONTH(IF(B26=6,A26-1,IF(B26=7,A26+1,A26)))=MONTH(A27),A26-2,IF(B26=6,A26-1,IF(B26=7,A26+1,A26))))) -> 46043 | D26: =IF(D$12>D25,D25+1,"-") -> 9 | E26: =SUM(F26:G26) -> 106 | F26: =Annuity!E16 -> 106 | G26: =Annuity!F16 -> 0 | H26: =H25-F26 -> 318
A27: =IF(A26,DATE((YEAR(A26)-1900),MONTH(A26)+1,IF(DAY(A26)>DAY(DATE((YEAR(A26)-1900),MONTH(A26)+2,1)-1),DAY(DATE((YEAR(A26)-1900),MONTH(A26)+2,1)-1),DAY(C$17)))) -> 46074 | B27: =WEEKDAY(A27,2) -> 6 | C27: =IF(D27="-","-",IF(MONTH(IF(B27=6,A27-1,IF(B27=7,A27+1,A27)))=MONTH(C26),A27+2,IF(MONTH(IF(B27=6,A27-1,IF(B27=7,A27+1,A27)))=MONTH(A28),A27-2,IF(B27=6,A27-1,IF(B27=7,A27+1,A27))))) -> 46073 | D27: =IF(D$12>D26,D26+1,"-") -> 10 | E27: =SUM(F27:G27) -> 106 | F27: =Annuity!E17 -> 106 | G27: =Annuity!F17 -> 0 | H27: =H26-F27 -> 212
A28: =IF(A27,DATE((YEAR(A27)-1900),MONTH(A27)+1,IF(DAY(A27)>DAY(DATE((YEAR(A27)-1900),MONTH(A27)+2,1)-1),DAY(DATE((YEAR(A27)-1900),MONTH(A27)+2,1)-1),DAY(C$17)))) -> 46102 | B28: =WEEKDAY(A28,2) -> 6 | C28: =IF(D28="-","-",IF(MONTH(IF(B28=6,A28-1,IF(B28=7,A28+1,A28)))=MONTH(C27),A28+2,IF(MONTH(IF(B28=6,A28-1,IF(B28=7,A28+1,A28)))=MONTH(A29),A28-2,IF(B28=6,A28-1,IF(B28=7,A28+1,A28))))) -> 46101 | D28: =IF(D$12>D27,D27+1,"-") -> 11 | E28: =SUM(F28:G28) -> 106 | F28: =Annuity!E18 -> 106 | G28: =Annuity!F18 -> 0 | H28: =H27-F28 -> 106
A29: =IF(A28,DATE((YEAR(A28)-1900),MONTH(A28)+1,IF(DAY(A28)>DAY(DATE((YEAR(A28)-1900),MONTH(A28)+2,1)-1),DAY(DATE((YEAR(A28)-1900),MONTH(A28)+2,1)-1),DAY(C$17)))) -> 46133 | B29: =WEEKDAY(A29,2) -> 2 | C29: =IF(D29="-","-",IF(MONTH(IF(B29=6,A29-1,IF(B29=7,A29+1,A29)))=MONTH(C28),A29+2,IF(MONTH(IF(B29=6,A29-1,IF(B29=7,A29+1,A29)))=MONTH(A30),A29-2,IF(B29=6,A29-1,IF(B29=7,A29+1,A29))))) -> 46133 | D29: =IF(D$12>D28,D28+1,"-") -> 12 | E29: =SUM(F29:G29) -> 106 | F29: =Annuity!E19 -> 106 | G29: =Annuity!F19 -> 0 | H29: =H28-F29 -> 0
A30: =IF(A29,DATE((YEAR(A29)-1900),MONTH(A29)+1,IF(DAY(A29)>DAY(DATE((YEAR(A29)-1900),MONTH(A29)+2,1)-1),DAY(DATE((YEAR(A29)-1900),MONTH(A29)+2,1)-1),DAY(C$17)))) -> 46163 | B30: =WEEKDAY(A30,2) -> 4 | C30: =IF(D30="-","-",IF(MONTH(IF(B30=6,A30-1,IF(B30=7,A30+1,A30)))=MONTH(C29),A30+2,IF(MONTH(IF(B30=6,A30-1,IF(B30=7,A30+1,A30)))=MONTH(A31),A30-2,IF(B30=6,A30-1,IF(B30=7,A30+1,A30))))) -> - | D30: =IF(D$12>D29,D29+1,"-") -> - | E30: =SUM(F30:G30) -> 0 | F30: =Annuity!E20 -> 0 | G30: =Annuity!F20 -> 0 | H30: =H29-F30 -> 0
A31: =IF(A30,DATE((YEAR(A30)-1900),MONTH(A30)+1,IF(DAY(A30)>DAY(DATE((YEAR(A30)-1900),MONTH(A30)+2,1)-1),DAY(DATE((YEAR(A30)-1900),MONTH(A30)+2,1)-1),DAY(C$17)))) -> 46194 | B31: =WEEKDAY(A31,2) -> 7 | C31: =IF(D31="-","-",IF(MONTH(IF(B31=6,A31-1,IF(B31=7,A31+1,A31)))=MONTH(C30),A31+2,IF(MONTH(IF(B31=6,A31-1,IF(B31=7,A31+1,A31)))=MONTH(A32),A31-2,IF(B31=6,A31-1,IF(B31=7,A31+1,A31))))) -> - | D31: =IF(D$12>D30,D30+1,"-") -> - | E31: =SUM(F31:G31) -> 0 | F31: =Annuity!E21 -> 0 | G31: =Annuity!F21 -> 0 | H31: =H30-F31 -> 0 | K31: DİQQƏT!
A32: =IF(A31,DATE((YEAR(A31)-1900),MONTH(A31)+1,IF(DAY(A31)>DAY(DATE((YEAR(A31)-1900),MONTH(A31)+2,1)-1),DAY(DATE((YEAR(A31)-1900),MONTH(A31)+2,1)-1),DAY(C$17)))) -> 46224 | B32: =WEEKDAY(A32,2) -> 2 | C32: =IF(D32="-","-",IF(MONTH(IF(B32=6,A32-1,IF(B32=7,A32+1,A32)))=MONTH(C31),A32+2,IF(MONTH(IF(B32=6,A32-1,IF(B32=7,A32+1,A32)))=MONTH(A33),A32-2,IF(B32=6,A32-1,IF(B32=7,A32+1,A32))))) -> - | D32: =IF(D$12>D31,D31+1,"-") -> - | E32: =SUM(F32:G32) -> 0 | F32: =Annuity!E22 -> 0 | G32: =Annuity!F22 -> 0 | H32: =H31-F32 -> 0 | J32: HÖRMƏTLİ MÜŞTƏRİ!
A33: =IF(A32,DATE((YEAR(A32)-1900),MONTH(A32)+1,IF(DAY(A32)>DAY(DATE((YEAR(A32)-1900),MONTH(A32)+2,1)-1),DAY(DATE((YEAR(A32)-1900),MONTH(A32)+2,1)-1),DAY(C$17)))) -> 46255 | B33: =WEEKDAY(A33,2) -> 5 | C33: =IF(D33="-","-",IF(MONTH(IF(B33=6,A33-1,IF(B33=7,A33+1,A33)))=MONTH(C32),A33+2,IF(MONTH(IF(B33=6,A33-1,IF(B33=7,A33+1,A33)))=MONTH(A34),A33-2,IF(B33=6,A33-1,IF(B33=7,A33+1,A33))))) -> - | D33: =IF(D$12>D32,D32+1,"-") -> - | E33: =SUM(F33:G33) -> 0 | F33: =Annuity!E23 -> 0 | G33: =Annuity!F23 -> 0 | H33: =H32-F33 -> 0 | J33: KREDİT ÖDƏNİŞİNİZİ ÖDƏNİŞ QRAFİKİNDƏ
A34: =IF(A33,DATE((YEAR(A33)-1900),MONTH(A33)+1,IF(DAY(A33)>DAY(DATE((YEAR(A33)-1900),MONTH(A33)+2,1)-1),DAY(DATE((YEAR(A33)-1900),MONTH(A33)+2,1)-1),DAY(C$17)))) -> 46286 | B34: =WEEKDAY(A34,2) -> 1 | C34: =IF(D34="-","-",IF(MONTH(IF(B34=6,A34-1,IF(B34=7,A34+1,A34)))=MONTH(C33),A34+2,IF(MONTH(IF(B34=6,A34-1,IF(B34=7,A34+1,A34)))=MONTH(A35),A34-2,IF(B34=6,A34-1,IF(B34=7,A34+1,A34))))) -> - | D34: =IF(D$12>D33,D33+1,"-") -> - | E34: =SUM(F34:G34) -> 0 | F34: =Annuity!E24 -> 0 | G34: =Annuity!F24 -> 0 | H34: =H33-F34 -> 0 | J34: NƏZƏRDƏ TUTULAN TARİXLƏRDƏ SAAT
A35: =IF(A34,DATE((YEAR(A34)-1900),MONTH(A34)+1,IF(DAY(A34)>DAY(DATE((YEAR(A34)-1900),MONTH(A34)+2,1)-1),DAY(DATE((YEAR(A34)-1900),MONTH(A34)+2,1)-1),DAY(C$17)))) -> 46316 | B35: =WEEKDAY(A35,2) -> 3 | C35: =IF(D35="-","-",IF(MONTH(IF(B35=6,A35-1,IF(B35=7,A35+1,A35)))=MONTH(C34),A35+2,IF(MONTH(IF(B35=6,A35-1,IF(B35=7,A35+1,A35)))=MONTH(A36),A35-2,IF(B35=6,A35-1,IF(B35=7,A35+1,A35))))) -> - | D35: =IF(D$12>D34,D34+1,"-") -> - | E35: =SUM(F35:G35) -> 0 | F35: =Annuity!E25 -> 0 | G35: =Annuity!F25 -> 0 | H35: =H34-F35 -> 0 | J35: 16:30 -DƏK ÖDƏMƏLİSİNİZ. ƏKS HALDA
A36: =IF(A35,DATE((YEAR(A35)-1900),MONTH(A35)+1,IF(DAY(A35)>DAY(DATE((YEAR(A35)-1900),MONTH(A35)+2,1)-1),DAY(DATE((YEAR(A35)-1900),MONTH(A35)+2,1)-1),DAY(C$17)))) -> 46347 | B36: =WEEKDAY(A36,2) -> 6 | C36: =IF(D36="-","-",IF(MONTH(IF(B36=6,A36-1,IF(B36=7,A36+1,A36)))=MONTH(C35),A36+2,IF(MONTH(IF(B36=6,A36-1,IF(B36=7,A36+1,A36)))=MONTH(A37),A36-2,IF(B36=6,A36-1,IF(B36=7,A36+1,A36))))) -> - | D36: =IF(D$12>D35,D35+1,"-") -> - | E36: =SUM(F36:G36) -> 0 | F36: =Annuity!E26 -> 0 | G36: =Annuity!F26 -> 0 | H36: =H35-F36 -> 0 | J36: KREDİTİNİZ GECİKMƏDƏ QALACAQ.
A37: =IF(A36,DATE((YEAR(A36)-1900),MONTH(A36)+1,IF(DAY(A36)>DAY(DATE((YEAR(A36)-1900),MONTH(A36)+2,1)-1),DAY(DATE((YEAR(A36)-1900),MONTH(A36)+2,1)-1),DAY(C$17)))) -> 46377 | B37: =WEEKDAY(A37,2) -> 1 | C37: =IF(D37="-","-",IF(MONTH(IF(B37=6,A37-1,IF(B37=7,A37+1,A37)))=MONTH(C36),A37+2,IF(MONTH(IF(B37=6,A37-1,IF(B37=7,A37+1,A37)))=MONTH(A38),A37-2,IF(B37=6,A37-1,IF(B37=7,A37+1,A37))))) -> - | D37: =IF(D$12>D36,D36+1,"-") -> - | E37: =SUM(F37:G37) -> 0 | F37: =Annuity!E27 -> 0 | G37: =Annuity!F27 -> 0 | H37: =H36-F37 -> 0
A38: =IF(A37,DATE((YEAR(A37)-1900),MONTH(A37)+1,IF(DAY(A37)>DAY(DATE((YEAR(A37)-1900),MONTH(A37)+2,1)-1),DAY(DATE((YEAR(A37)-1900),MONTH(A37)+2,1)-1),DAY(C$17)))) -> 46408 | B38: =WEEKDAY(A38,2) -> 4 | C38: =IF(D38="-","-",IF(MONTH(IF(B38=6,A38-1,IF(B38=7,A38+1,A38)))=MONTH(C37),A38+2,IF(MONTH(IF(B38=6,A38-1,IF(B38=7,A38+1,A38)))=MONTH(A39),A38-2,IF(B38=6,A38-1,IF(B38=7,A38+1,A38))))) -> - | D38: =IF(D$12>D37,D37+1,"-") -> - | E38: =SUM(F38:G38) -> 0 | F38: =Annuity!E28 -> 0 | G38: =Annuity!F28 -> 0 | H38: =H37-F38 -> 0 | J38: Onlayn ödəniş üçün QR Kodu scan edin
A39: =IF(A38,DATE((YEAR(A38)-1900),MONTH(A38)+1,IF(DAY(A38)>DAY(DATE((YEAR(A38)-1900),MONTH(A38)+2,1)-1),DAY(DATE((YEAR(A38)-1900),MONTH(A38)+2,1)-1),DAY(C$17)))) -> 46439 | B39: =WEEKDAY(A39,2) -> 7 | C39: =IF(D39="-","-",IF(MONTH(IF(B39=6,A39-1,IF(B39=7,A39+1,A39)))=MONTH(C38),A39+2,IF(MONTH(IF(B39=6,A39-1,IF(B39=7,A39+1,A39)))=MONTH(A40),A39-2,IF(B39=6,A39-1,IF(B39=7,A39+1,A39))))) -> - | D39: =IF(D$12>D38,D38+1,"-") -> - | E39: =SUM(F39:G39) -> 0 | F39: =Annuity!E29 -> 0 | G39: =Annuity!F29 -> 0 | H39: =H38-F39 -> 0
A40: =IF(A39,DATE((YEAR(A39)-1900),MONTH(A39)+1,IF(DAY(A39)>DAY(DATE((YEAR(A39)-1900),MONTH(A39)+2,1)-1),DAY(DATE((YEAR(A39)-1900),MONTH(A39)+2,1)-1),DAY(C$17)))) -> 46467 | B40: =WEEKDAY(A40,2) -> 7 | C40: =IF(D40="-","-",IF(MONTH(IF(B40=6,A40-1,IF(B40=7,A40+1,A40)))=MONTH(C39),A40+2,IF(MONTH(IF(B40=6,A40-1,IF(B40=7,A40+1,A40)))=MONTH(A41),A40-2,IF(B40=6,A40-1,IF(B40=7,A40+1,A40))))) -> - | D40: =IF(D$12>D39,D39+1,"-") -> - | E40: =SUM(F40:G40) -> 0 | F40: =Annuity!E30 -> 0 | G40: =Annuity!F30 -> 0 | H40: =H39-F40 -> 0
A41: =IF(A40,DATE((YEAR(A40)-1900),MONTH(A40)+1,IF(DAY(A40)>DAY(DATE((YEAR(A40)-1900),MONTH(A40)+2,1)-1),DAY(DATE((YEAR(A40)-1900),MONTH(A40)+2,1)-1),DAY(C$17)))) -> 46498 | B41: =WEEKDAY(A41,2) -> 3 | C41: =IF(D41="-","-",IF(MONTH(IF(B41=6,A41-1,IF(B41=7,A41+1,A41)))=MONTH(C40),A41+2,IF(MONTH(IF(B41=6,A41-1,IF(B41=7,A41+1,A41)))=MONTH(A42),A41-2,IF(B41=6,A41-1,IF(B41=7,A41+1,A41))))) -> - | D41: =IF(D$12>D40,D40+1,"-") -> - | E41: =SUM(F41:G41) -> 0 | F41: =Annuity!E31 -> 0 | G41: =Annuity!F31 -> 0 | H41: =H40-F41 -> 0
A42: =IF(A41,DATE((YEAR(A41)-1900),MONTH(A41)+1,IF(DAY(A41)>DAY(DATE((YEAR(A41)-1900),MONTH(A41)+2,1)-1),DAY(DATE((YEAR(A41)-1900),MONTH(A41)+2,1)-1),DAY(C$17)))) -> 46528 | B42: =WEEKDAY(A42,2) -> 5 | C42: =IF(D42="-","-",IF(MONTH(IF(B42=6,A42-1,IF(B42=7,A42+1,A42)))=MONTH(C41),A42+2,IF(MONTH(IF(B42=6,A42-1,IF(B42=7,A42+1,A42)))=MONTH(A43),A42-2,IF(B42=6,A42-1,IF(B42=7,A42+1,A42))))) -> - | D42: =IF(D$12>D41,D41+1,"-") -> - | E42: =SUM(F42:G42) -> 0 | F42: =Annuity!E32 -> 0 | G42: =Annuity!F32 -> 0 | H42: =H41-F42 -> 0
A43: =IF(A42,DATE((YEAR(A42)-1900),MONTH(A42)+1,IF(DAY(A42)>DAY(DATE((YEAR(A42)-1900),MONTH(A42)+2,1)-1),DAY(DATE((YEAR(A42)-1900),MONTH(A42)+2,1)-1),DAY(C$17)))) -> 46559 | B43: =WEEKDAY(A43,2) -> 1 | C43: =IF(D43="-","-",IF(MONTH(IF(B43=6,A43-1,IF(B43=7,A43+1,A43)))=MONTH(C42),A43+2,IF(MONTH(IF(B43=6,A43-1,IF(B43=7,A43+1,A43)))=MONTH(A44),A43-2,IF(B43=6,A43-1,IF(B43=7,A43+1,A43))))) -> - | D43: =IF(D$12>D42,D42+1,"-") -> - | E43: =SUM(F43:G43) -> 0 | F43: =Annuity!E33 -> 0 | G43: =Annuity!F33 -> 0 | H43: =H42-F43 -> 0
A44: =IF(A43,DATE((YEAR(A43)-1900),MONTH(A43)+1,IF(DAY(A43)>DAY(DATE((YEAR(A43)-1900),MONTH(A43)+2,1)-1),DAY(DATE((YEAR(A43)-1900),MONTH(A43)+2,1)-1),DAY(C$17)))) -> 46589 | B44: =WEEKDAY(A44,2) -> 3 | C44: =IF(D44="-","-",IF(MONTH(IF(B44=6,A44-1,IF(B44=7,A44+1,A44)))=MONTH(C43),A44+2,IF(MONTH(IF(B44=6,A44-1,IF(B44=7,A44+1,A44)))=MONTH(A45),A44-2,IF(B44=6,A44-1,IF(B44=7,A44+1,A44))))) -> - | D44: =IF(D$12>D43,D43+1,"-") -> - | E44: =SUM(F44:G44) -> 0 | F44: =Annuity!E34 -> 0 | G44: =Annuity!F34 -> 0 | H44: =H43-F44 -> 0
A45: =IF(A44,DATE((YEAR(A44)-1900),MONTH(A44)+1,IF(DAY(A44)>DAY(DATE((YEAR(A44)-1900),MONTH(A44)+2,1)-1),DAY(DATE((YEAR(A44)-1900),MONTH(A44)+2,1)-1),DAY(C$17)))) -> 46620 | B45: =WEEKDAY(A45,2) -> 6 | C45: =IF(D45="-","-",IF(MONTH(IF(B45=6,A45-1,IF(B45=7,A45+1,A45)))=MONTH(C44),A45+2,IF(MONTH(IF(B45=6,A45-1,IF(B45=7,A45+1,A45)))=MONTH(A46),A45-2,IF(B45=6,A45-1,IF(B45=7,A45+1,A45))))) -> - | D45: =IF(D$12>D44,D44+1,"-") -> - | E45: =SUM(F45:G45) -> 0 | F45: =Annuity!E35 -> 0 | G45: =Annuity!F35 -> 0 | H45: =H44-F45 -> 0
A46: =IF(A45,DATE((YEAR(A45)-1900),MONTH(A45)+1,IF(DAY(A45)>DAY(DATE((YEAR(A45)-1900),MONTH(A45)+2,1)-1),DAY(DATE((YEAR(A45)-1900),MONTH(A45)+2,1)-1),DAY(C$17)))) -> 46651 | B46: =WEEKDAY(A46,2) -> 2 | C46: =IF(D46="-","-",IF(MONTH(IF(B46=6,A46-1,IF(B46=7,A46+1,A46)))=MONTH(C45),A46+2,IF(MONTH(IF(B46=6,A46-1,IF(B46=7,A46+1,A46)))=MONTH(A47),A46-2,IF(B46=6,A46-1,IF(B46=7,A46+1,A46))))) -> - | D46: =IF(D$12>D45,D45+1,"-") -> - | E46: =SUM(F46:G46) -> 0 | F46: =Annuity!E36 -> 0 | G46: =Annuity!F36 -> 0 | H46: =H45-F46 -> 0
A47: =IF(A46,DATE((YEAR(A46)-1900),MONTH(A46)+1,IF(DAY(A46)>DAY(DATE((YEAR(A46)-1900),MONTH(A46)+2,1)-1),DAY(DATE((YEAR(A46)-1900),MONTH(A46)+2,1)-1),DAY(C$17)))) -> 46681 | B47: =WEEKDAY(A47,2) -> 4 | C47: =IF(D47="-","-",IF(MONTH(IF(B47=6,A47-1,IF(B47=7,A47+1,A47)))=MONTH(C46),A47+2,IF(MONTH(IF(B47=6,A47-1,IF(B47=7,A47+1,A47)))=MONTH(A48),A47-2,IF(B47=6,A47-1,IF(B47=7,A47+1,A47))))) -> - | D47: =IF(D$12>D46,D46+1,"-") -> - | E47: =SUM(F47:G47) -> 0 | F47: =Annuity!E37 -> 0 | G47: =Annuity!F37 -> 0 | H47: =H46-F47 -> 0
A48: =IF(A47,DATE((YEAR(A47)-1900),MONTH(A47)+1,IF(DAY(A47)>DAY(DATE((YEAR(A47)-1900),MONTH(A47)+2,1)-1),DAY(DATE((YEAR(A47)-1900),MONTH(A47)+2,1)-1),DAY(C$17)))) -> 46712 | B48: =WEEKDAY(A48,2) -> 7 | C48: =IF(D48="-","-",IF(MONTH(IF(B48=6,A48-1,IF(B48=7,A48+1,A48)))=MONTH(C47),A48+2,IF(MONTH(IF(B48=6,A48-1,IF(B48=7,A48+1,A48)))=MONTH(A49),A48-2,IF(B48=6,A48-1,IF(B48=7,A48+1,A48))))) -> - | D48: =IF(D$12>D47,D47+1,"-") -> - | E48: =SUM(F48:G48) -> 0 | F48: =Annuity!E38 -> 0 | G48: =Annuity!F38 -> 0 | H48: =H47-F48 -> 0
A49: =IF(A48,DATE((YEAR(A48)-1900),MONTH(A48)+1,IF(DAY(A48)>DAY(DATE((YEAR(A48)-1900),MONTH(A48)+2,1)-1),DAY(DATE((YEAR(A48)-1900),MONTH(A48)+2,1)-1),DAY(C$17)))) -> 46742 | B49: =WEEKDAY(A49,2) -> 2 | C49: =IF(D49="-","-",IF(MONTH(IF(B49=6,A49-1,IF(B49=7,A49+1,A49)))=MONTH(C48),A49+2,IF(MONTH(IF(B49=6,A49-1,IF(B49=7,A49+1,A49)))=MONTH(A50),A49-2,IF(B49=6,A49-1,IF(B49=7,A49+1,A49))))) -> - | D49: =IF(D$12>D48,D48+1,"-") -> - | E49: =SUM(F49:G49) -> 0 | F49: =Annuity!E39 -> 0 | G49: =Annuity!F39 -> 0 | H49: =H48-F49 -> 0
A50: =IF(A49,DATE((YEAR(A49)-1900),MONTH(A49)+1,IF(DAY(A49)>DAY(DATE((YEAR(A49)-1900),MONTH(A49)+2,1)-1),DAY(DATE((YEAR(A49)-1900),MONTH(A49)+2,1)-1),DAY(C$17)))) -> 46773 | B50: =WEEKDAY(A50,2) -> 5 | C50: =IF(D50="-","-",IF(MONTH(IF(B50=6,A50-1,IF(B50=7,A50+1,A50)))=MONTH(C49),A50+2,IF(MONTH(IF(B50=6,A50-1,IF(B50=7,A50+1,A50)))=MONTH(A51),A50-2,IF(B50=6,A50-1,IF(B50=7,A50+1,A50))))) -> - | D50: =IF(D$12>D49,D49+1,"-") -> - | E50: =SUM(F50:G50) -> 0 | F50: =Annuity!E40 -> 0 | G50: =Annuity!F40 -> 0 | H50: =H49-F50 -> 0
... A77: =IF(A76,DATE((YEAR(A76)-1900),MONTH(A76)+1,IF(DAY(A76)>DAY(DATE((YEAR(A76)-1900),MONTH(A76)+2,1)-1),DAY(DATE((YEAR(A76)-1900),MONTH(A76)+2,1)-1),DAY(C$17)))) -> 47594 | B77: =WEEKDAY(A77,2) -> 7 | C77: =IF(D77="-","-",IF(MONTH(IF(B77=6,A77-1,IF(B77=7,A77+1,A77)))=MONTH(C76),A77+2,IF(MONTH(IF(B77=6,A77-1,IF(B77=7,A77+1,A77)))=MONTH(A78),A77-2,IF(B77=6,A77-1,IF(B77=7,A77+1,A77))))) -> - | D77: =IF(D$12>D76,D76+1,"-") -> - | E77: =SUM(F77:G77) -> 0 | F77: =Annuity!E67 -> 0 | G77: =Annuity!F67 -> 0 | H77: =H76-F77 -> 0
E78: =SUM(E18:E77) -> 1272 | F78: =SUM(F18:F77) -> 1272 | G78: =SUM(G18:G77) -> 0
C80: Qeyd: * Ödənişlər yalnız göstərilmiş banklar və digər ödəmə vasitələri (kassa, ödəniş terminalı, onlayn ödəniş) ilə edilməlidir.
C82: BOKT | H82: BORCALAN
C83: Partnyorluq kreditləri bölməsinin müdiri | H83: =Data!C21 -> AA5512135
C84: Vüsal Şirməmmədov | H84: =Data!C25 -> Yunusov Vüqar Fikrət oğlu

Sheet KR
B2: "İDEAL KREDİT" BOKT MMC
F3: Əlaqəli Kredit Müqaviləsi № | I3: =Data!I5 -> 04/2078-25
B5: Bakı şəhəri | M5: =Data!E5 -> 45768
B7: Əsasnamə və Etibarnamə əsasında fəaliyyət göstərən (gələcəkdə "BOKT" adlanacaq) BOKT “İDEAL KREDİT” MMC-nin Partnyorluq kreditləri bölməsinin müdiri
B8: Şirməmmədov Vüsal Əlyar oğlu şəxsində bir tərəfdən, gələcəkdə "Borcalan" adlanacaq fiziki şəxs | J8: =Data!C23 -> Yunusov Vüqar Fikrət oğlu | N8: şəxsində
B9: digər tərəfdən,(birlikdə "Tərəflər" adlanacaq) aşağıdakılar barədə razılığa gələrək bu müqaviləni bağladılar.
B10: 1.MÜQAVİLƏNİN PREDMETİ
B11: 1.1. Bu Müqavilə “BOKT” tərəfindən “Borcalan”a kreditin verilməsi və kreditin qaytarılması şərtləri çərçivəsində Tərəflərin hüquq və öhdəliklərini tənzimləyir.
B12: 1.2. Bu müqavilə üzrə "BOKT" "Borcalan"a | F12: =Data!C94 -> Fərəcov Elsevər Ələmdar oğlu | I12: (bundan sonra "Partnyor") tərəfindən satışı həyata keçirilən
B13: =Data!C68 -> İstehlak mal(lar)ının alınması üçün | E13: =Data!C74 -> 1272 | F13: =PP!AK6 -> (Bir min iki yüz yetmiş iki manat ) | J13: məbləğində istehlak krediti verməyi "Borcalan" isə
B14: aldığı borcu bu Müqavilədə müəyyən edilmiş müddətdə və qaydada, ödəniş qrafiki (Əlavə №1) əsasında "BOKT"-a qaytarmağı öz öhdəsinə götürür.
B15: 1.3. Bu müqaviləyə əsasən alınmış istehlak malları (bundan sonra "Girov Predmeti") "Borcalan"ın razılığı ilə "BOKT"nin xeyrinə girov qoyulur. "Girov Predmeti"
B16: Borcalanda qalır. "Borcalan" "BOKT" tərəfndən "Girov Predmeti"nin Daşınar Əmlakın Yüklülüyünün Dövlət Reyestrində (DƏYDR) qeydiyyatının aparılmasına və bu
B17: müqavilə üzrə öhdəliyin vaxtının bitmə müddətindən əlavə 3 (üç) il müddətində yüklü (girovda) olaraq qalmasına razılıq verir.
B18: 1.4. Kreditin verilməsi | D18: =Data!E53 -> 0 | F18: №-li nömrəli plastik ödəniş kartına və ya partnyorun bank hesabına köçürmə yolu ilə həyata keçirilir.
B19: 1.5. Kredit rəsmiləşdirilməsinə görə ümumi kredit məbləğinin | G19: =Data!C86/100 -> 0.2 | H19: həcmində komissiya haqqı və “Borcalan”a təqdim edilən ödəniş kartına görə | N19: =Data!C88 -> 0
B20: kart xərci köçürülmə zamanı tutulur.
B21: 1.6. Kredit "Borcalan"a kreditdən istifadə haqqı olaraq illik | G21: =Data!C76 -> 0 | H21: % (annuitet qaydasında) hesablanmaqla | K21: =Data!C78 -> 12 | L21: ay müddətinə verilir.
B22: 1.7. Bu Müqaviləyə əsasən alınmış mal(lar)ın ümumi dəyəri | G22: =Data!C84 -> 1672 | H22: ='Formula 1'!BA4 -> (Bir min altı yüz yetmiş iki manat ) | M22: təşkil edir.
B23: 1.8. Borcalan kredit müqaviləsi üzrə borcun ödənilməsini ödəniş qrafikinə (Əlavə №1) uyğun olaraq həyata keçirir. Borcalan kredit borcunu ödəniş qrafikində
B24: (Əlavə №1) nəzərdə tutulmuş tarixlərdə ödəmədikdə hər gecikdirilmiş gün üçün aylıq ödəniləcək borc məbləğinin 1%-i həcmində dəbbə (cərimə) pulu ödəyir.
B25: 1.9. Bu Müqaviləyə və onun əlavələrinə uyğun olaraq ödəniş məbləğləri "BOKT"nin hər hansı bir əməkdaşına deyil, yalnız onun bank hesablarına və digər ödəmə
B26: vasitələrinə(ödəniş terminalları, onlayn ödənişlər) ödənilir.
B27: 2.TƏRƏFLƏRİN HÜQUQ VƏ VƏZİFƏLƏRİ
B28: 2.1. "BOKT"nın hüquqları:
B29: 2.1.1. "Borcalan" bu Müqaviləyə və onun əlavə(lər)sinə uyğun olaraq ödəniş qrafikində nəzərdə tutulmuş ödəniş məbləğlərini ödəmədikdə/vaxında ödəmədikdə
B30: (həmçinin "Borcalan"ın əmlak və ya maliyyə vəziyyətinin pisləşməsi səbəbindən ödəmədikdə) kreditin vaxtından əvvəl tam ödənilməsini "Borcalan"dan tələb etmək;
B31: 2.1.2. "Borcalan" bu Müqaviləyə və onun əlavə(lər)sinə uyğun olaraq ödəniş məbləğlərini bu Müqavilənin 1.10-cu bəndində göstərilmiş qaydada bank hesabları və
B32: digər ödəmə vasitələri (kassa, ödəniş terminalları, onlayn ödənişlər) ilə deyil, "BOKT"nin hər hansı bir əməkdaşına ödəməsini bildirdikdə və ya bu cür ödənişlərin
B33: edilməsi ilə bağlı hər hansı bir qəbz forması təqdim etdikdə, həmin ödənişləri və ya qəbzləri qəbul etmədən ödənişlərin bu müqavilənin 1.10-cu bəndində göstərilən
B34: qaydada yenidən ödənilməsini tələb etmək;
... B85: 4.2.2. “Borcalan” tərəfindən kreditlə əlaqədar “BOKT”nı aldatmağa yönəlmiş və ya qanunvericiliyə zidd hər hansı bir hərəkətin edilməsi və ya yanlış məlumatların və
B89: BOKT | H89: Borcalan
B91: ya sənədlərin təqdim edilməsi barədə “BOKT”da ciddi şübhələr və ya məlumat olduqda;
B92: 4.2.3. Bu müqavilə üzrə “Borcalan”ın öhdəliklərini yerinə yetirməsinə mənfi təsir göstərə biləcək hallar barədə məlumat daxil olduqda.
B93: 4.3. «BOKT» «Borcalan»ı 1 (bir) ay əvvəlcədən yazılı xəbərdar etməklə aşağıdakı hallarda bu Müqaviləni birtərəfli qaydada ləğv edə və kreditin (əsas məbləğ,
B94: hesablanmış faizlər, cərimə və s.) vaxtından əvvəl qaytarılmasını tələb edə bilər:
B95: 4.3.1. “Borcalan” kredit müqaviləsi üzrə öhdəliklərini (əsas borc və ya faizləri, yaxud onların bir hissəsini) bu müqavilənin ayrılmaz tərkib hissəsi olan “Ödəniş qrafiki
B96: (Əlavə №1)" üzrə ödənişləri yerinə yetirmədikdə;
B97: 4.3.2. “Borcalan” kreditdən təyinatına uyğun istifadə etmədikdə;
B98: 4.3.3. “BOKT”nı aldatmağa yönəlmiş hər hansı bir hərəkətin edildiyi aşkar olunduqda, maliyyə imkanları və bu müqavilədən irəli gələn öhdəliklərin vaxtında və lazimi
B99: qaydada icrasına mənfi təsir edə biləcək digər faktlar (Borcalanın ödənilməmiş borcları, icra edilməmiş mülki-hüquqi öhdəlikləri, saxta sənədlərin təqdim edilməsi
B100: və s.) haqqında verdiyi məlumatların və təqdim etdiyi sənədlərin (o cümlədən kredit alınması üçün müraciət formasında ifadə edilmiş məlumatlar da daxil olmaqla)
B101: həqiqətə uyğun olmadığı aşkar olunduqda;
B102: 4.3.4. “Borcalan”ın əmlak vəziyyəti əhəmiyyətli dərəcədə pisləşdikdə;
... B131: razılığı olmadan üçüncü şəxslərə verə (transfer edə) bilər. "Borcalan" isə yalnız "BOKT"nin yazılı razılığı ilə bu hüquqa malikdir.
B132: 5.4. Kredit üzrə Faktiki İllik Faiz Dərəcəsi | F132: =P136 -> 43.5 | G132: % təşkil edir. | P132: =IF(Data!C78=1,'Formula 1'!C22,IF(Data!C78=2,'Formula 1'!C23,IF(Data!C78=3,'Formula 1'!C24,IF(Data!C78=4,'Formula 1'!C25,IF(Data!C78=5,'Formula 1'!C26,IF(Data!C78=6,'Formula 1'!C27,IF(Data!C78=7,'Formula 1'!C28,IF(Data!C78=8,'Formula 1'!C29,IF(Data!C78=9,'Formula 1'!C30,IF(Data!C78=10,'Formula 1'!C31,IF(Data!C78=11,'Formula 1'!C32,IF(Data!C78=12,'Formula 1'!C33,IF(Data!C78=13,'Formula 1'!E22,IF(Data!C78=14,'Formula 1'!E23,IF(Data!C78=15,'Formula 1'!E24,IF(Data!C78=16,'Formula 1'!E25,IF(Data!C78=17,'Formula 1'!E26,IF(Data!C78=18,'Formula 1'!E27,IF(Data!C78=19,'Formula 1'!E28,IF(Data!C78=20,'Formula 1'!E29,IF(Data!C78=21,'Formula 1'!E30,IF(Data!C78=22,'Formula 1'!E31,IF(Data!C78=23,'Formula 1'!E32,IF(Data!C78=24,'Formula 1'!E33)))))))))))))))))))))))) -> 40.97 | Q132: =(PP!P14-PP!D10)*(PP!P13%/PP!P11) -> -32.35968
B133: 5.5. Kredit üzrə faizlərin hesablanması ildə 360 (üç yüz altmış) təqvim günü, ayda isə 30 (otuz) təqvim günü götürülməklə kreditin “Borcalan”a verildiyi gündən faktiki
B134: qaytarıldığı günədək, kreditdən istifadə edilmiş günlərin faktiki sayına görə əsas borcun qalıq məbləğinə hesablanır. | P134: =IF(Data!C78=1,'Formula 1'!I22,IF(Data!C78=2,'Formula 1'!C23,IF(Data!C78=3,'Formula 1'!C24,IF(Data!C78=4,'Formula 1'!C25,IF(Data!C78=5,'Formula 1'!C26,IF(Data!C78=6,'Formula 1'!C27,IF(Data!C78=7,'Formula 1'!C28,IF(Data!C78=8,'Formula 1'!C29,IF(Data!C78=9,'Formula 1'!C30,IF(Data!C78=10,'Formula 1'!C31,IF(Data!C78=11,'Formula 1'!C32,IF(Data!C78=12,'Formula 1'!C33,IF(Data!C78=13,'Formula 1'!E22,IF(Data!C78=14,'Formula 1'!E23,IF(Data!C78=15,'Formula 1'!E24,IF(Data!C78=16,'Formula 1'!E25,IF(Data!C78=17,'Formula 1'!E26,IF(Data!C78=18,'Formula 1'!E27,IF(Data!C78=19,'Formula 1'!E28,IF(Data!C78=20,'Formula 1'!E29,IF(Data!C78=21,'Formula 1'!E30,IF(Data!C78=22,'Formula 1'!E31,IF(Data!C78=23,'Formula 1'!E32,IF(Data!C78=24,'Formula 1'!E33)))))))))))))))))))))))) -> 40.97 | Q134: =(PP!P12-PP!F78)*PP!D11/PP!G78 -> #DIV/0!
B135: 5.6. "Borcalan"ın yetərli miqdarda olmayan kredit ödənişlərinin öhdəliyin icrasından silinmə ardıcıllığı: cərimə (dəbbə) pulu, faiz borcu və əsas borcdan silinməklə
B136: həyata keçiriləcək. Artıq miqdarda edilən ödənişlərin öhdəliyin icrasından silinmə ardıcıllığı: əsas borcdan silinməklə həyata keçiriləcək. | P136: =IF(Data!C78=1,'Formula 1'!U22,IF(Data!C78=2,'Formula 1'!U23,IF(Data!C78=3,'Formula 1'!U24,IF(Data!C78=4,'Formula 1'!U25,IF(Data!C78=5,'Formula 1'!U26,IF(Data!C78=6,'Formula 1'!U27,IF(Data!C78=7,'Formula 1'!U28,IF(Data!C78=8,'Formula 1'!U29,IF(Data!C78=9,'Formula 1'!U30,IF(Data!C78=10,'Formula 1'!U31,IF(Data!C78=11,'Formula 1'!U32,IF(Data!C78=12,'Formula 1'!U33,IF(Data!C78=13,'Formula 1'!U34,IF(Data!C78=14,'Formula 1'!U35,IF(Data!C78=15,'Formula 1'!U36,IF(Data!C78=16,'Formula 1'!U37,IF(Data!C78=17,'Formula 1'!U38,IF(Data!C78=18,'Formula 1'!U39,IF(Data!C78=19,'Formula 1'!U40,IF(Data!C78=20,'Formula 1'!U41,IF(Data!C78=21,'Formula 1'!U42,IF(Data!C78=22,'Formula 1'!U43,IF(Data!C78=23,'Formula 1'!U44,IF(Data!C78=24,'Formula 1'!U45)))))))))))))))))))))))) -> 43.5 | Q136: əsas
B137: 5.7. "Borcalan" son ödəniş zamanı yarana biləcək (ödədiyi) artıq məbləğin "BOKT" tərəfindən qeyd-şərtsiz silinməsinə etiraz etmir.
B138: 5.8. Borcalan” krediti istənilən vaxt xəbərdarlıq etmədən tamamilə və ya qismən “BOKT”a qaytara bilər. “Borcalan” krediti vaxtından əvvəl qaytardıqda, kreditin qalıq
B139: müddətinə görə hesablanmış faizlər vaxtından əvvəl ödənilmiş məbləğə mütənasib olaraq azaldılır.
B140: 5.9. "BOKT” kreditin vaxtından əvvəl icrası zamanı zərərin əvəzinin ödənilməsi üçün “Borcalan”dan kompensasiya məbləği tələb edə bilər. Kompensasiyanın məbləği
B141: müqavilə müddətinin bitməsinə 1 (bir) ildən çox qaldıqda, vaxtından əvvəl ödənilmiş məbləğin 1 (bir) faizi həcmində, 1 (bir) il və daha az müddət qaldıqda isə 0,5 faiz
B142: həcmində müəyyən edilir.
B143: 5.10. Kreditin nağdlaşdırılması zamanı həcmində nağdlaşdırma xərci tutulur, kredit kart emitentinə məxsus olmayan digər təşkilatların ATM/Pos-terminalı vasitəsilə
B144: nağdlaşdırıldıqda nağdlaşdırma xərci həmin təşkilatların tariflərinə uyğun olaraq tutulur.
B145: 5.11. “Borcalan” “İstehlak krediti müqaviləsi üzrə Standart məlumatlandırma forması”nın “BOKT” tərəfindən ona təqdim edilməsini təsdiq edir.
B146: 5.12. “BOKT”un “Borcalan”a ünvanladığı bütün müraciətlər, bildirişlər, xəbərdarlıqlar “Borcalan”ın bu Müqavilədə göstərilən ünvanına göndərilir. “Borcalan” qeydiyyat/
B147: yaşayış ünvanında edilmiş dəyişikliklər barədə bu Müqavilənin 2.4.4-cü bəndi ilə müəyyən olunmuş qaydada “BOKT”u məlumatlandırmadıqda sonuncu məlum olan
B148: ünvan üzrə gəndərilmiş müraciətlər, bildirişlər, xəbərdarlıqlar çatdırılmış hesab olunur.
... B161: 6.TƏRƏFLƏRİN REKVİZİTLƏRİ:
B162: "BOKT" | J162: "Borcalan"
B163: "İDEAL KREDİT" BOKT MMC-nin Partnyorluq kreditləri bölməsi | I163: =Data!C23 -> Yunusov Vüqar Fikrət oğlu
B164: Müdir: Şirməmmədov Vüsal Əlyar oğlu | H164: Ünvan | I164: =Data!C29 -> NEFTÇALA RAYONU, XOL QARABUCAQ Ə/D, DÖRDLƏR KƏNDİ
B165: Hüquqi ünvan: Bakı şəhəri, F.Xoyski küç. 111"A", m.26 | H165: Ş/V № | I165: =Data!C21 -> AA5512135
B166: Faktiki ünvan: Bakı ş, Binəqədi r, 7 MKR, S.S.Axundov küç, 3123-cü məh. | H166: Verilmə tarixi | I166: =Data!E21 -> 29.10.2023 | K166: =Data!C27 -> Asan4
B167: Tel: 012 526 26 25
B168: VÖEN: | C168: 1300480591
B173: Müdir: | H173: Borcalan
B174: M.Y
A184: 1.1. Bu müqavilə üzrə "BOKT" "Borcalan"a | B184: =Data!C94 -> Fərəcov Elsevər Ələmdar oğlu | C184: (bundan sonra "Partnyor") tərəfindən satışı həyata keçirilən | D184: =Data!C68 -> İstehlak mal(lar)ının alınması üçün | E184: (bundan sonra mal və ya mallar) üçün | F184: =Data!C74 -> 1272 | G184: AZN | H184: =PP!AK6 -> (Bir min iki yüz yetmiş iki manat ) | K184: məbləğində kredit verməyi,
B185: "Borcalan" isə bu Müqavilədə göstərilən müddətdə və qaydada,
B186: =A184&B184&C184&D184 -> 1.1. Bu müqavilə üzrə "BOKT" "Borcalan"a Fərəcov Elsevər Ələmdar oğlu (bundan sonra "Partnyor") tərəfindən satışı həyata keçirilən İstehlak mal(lar)ının alınması üçün

Sheet M-Forması
B1: İSTEHLAK KREDİTİ MÜQAVİLƏSİ ÜZRƏ STANDART MƏLUMATLANDIRMA FORMASI
B4: 1 | C4: Borcverənin adı | D4: Bank Olmayan Kredit Təşkilatı "İDEAL KREDİT" Məhdud Məsuliyyətli Cəmiyyəti
B5: 2 | C5: Borcverənin ünvanı | D5: Bakı ş, Binəqədi r, 7 MKR, S.S.Axundov küç, 3123-cü məh.
B6: 3 | C6: Kreditin növü | D6: İstehlak krediti
B7: 4 | C7: Kreditin məbləği (kredit xəttinin limiti) və valyutası | D7: =Data!C74 -> 1272
B8: 5 | C8: Kreditin qaytarılma müddəti | D8: Siz krediti | E8: =D110 -> 46133 | F8: il tarixindən gec olmayaraq qaytarmalısınız.
B10: 6 | C10: Kreditin ödəniş şərtləri | D10: Kredit ödənişlərini aşağıdakı üsullarla həyata keçirə bilərsiniz:
D11: ● "İDEAL KREDİT"-in Azərpoçt MMC PF1, Kapital Bank ASC Kob mərkəzi filialı və ya “Beynəlxalq Bank” ASC Nərimanov filialında olan bank hesablarından ödəməklə;
D12: ● E-Manat, MilliÖn ödəniş terminalları ilə ödəməklə;
D13: ● Nağd qaydada BOKT-nin kassasına ödəməklə;
D14: ● https://hesab.az/ onlayn ödəniş sistemi vasitəsilə ödəməklə.
D15: Qeyd edilən üsullardan hər hansı birinin istifadəsinin mümkün olmaması Sizi digər mümkün üsullardan istifadə etməklə ödənişləri vaxtında həyata keçirmək öhdəliyindən azad etmir.
B16: 7 | C16: Kreditlə alınacaq mal(lar)ın və ya xidmət(lər)in Adı | D16: =Data!C92 -> Monitor,kamera,Ambians , Led
C18: Nağd qiyməti (malın və ya xidmətin alınması zamanı birdəfəlik ödəniş edildikdə) | D18: =KR!G22 -> 1672 | E18: ='Formula 1'!BA4 -> (Bir min altı yüz yetmiş iki manat )
B25: 8 | C25: Kredit üzrə tətbiq edilən faizlərin illik dərəcəsi və (və ya) digər ödənişlərin məbləği və onların tətbiq edilmə şərtləri | D25: =C102 -> ● illik faiz dərəcəsi - 0%
D26: ● bu Formanın 6-cı hissəsində göstərilən ödəniş üsullarının(borcverənə məxsus ödəniş şəbəkəsindən istifadə edildikdə) tətbiqi ilə bağlı komisyon haqlar 0%
D27: ● digər ödənişlər - yoxdur
D28: ● istehlak kreditinin rəsmiləşdirilməsinə görə ümumi kredit məbləğinin - həcmində komissiya haqqı
B29: 9 | C29: Faktiki illik faiz dərəcəsi (FİFD) | D29: Faktiki illik faiz dərəcəsi: | F29: =D109/100 -> 0.435
C31: FİFD kreditin əldə edilməsinə çəkilən xərci göstərir. Bu göstərici vasitəsilə Siz digər kredit təşkilatlarının təkliflərini müqayisə edərək qiymətləndirə bilərsiniz. FİFD Mərkəzi Bankın normativ xarakterli aktında müəyyən edilmiş düstur əsasında hesablanmışdır.
B32: 10 | C32: Tətbiq edildikdə, kredit üzrə faizlərin tutulmadığı müddət barədə aydın və dəqiq məlumat | D32: Tətbiq edilmir
B33: 11 | C33: İstehlakçı tərəfindən edilməli olan ödənişlərin məbləği, sayı və dövriliyi | D33: Tərəfinizdən ödəniləcək ümumi məbləğ:
D34: ● Əsas borc | E34: =Data!C74 -> 1272
D35: ● Faiz borcu | E35: =PP!G78 -> 0
D36: ● Kreditlə əlaqəli digər ödənişlər | G36: =Data!C88 -> 0 | H36: kart xərci
D37: Ödənişlər aşağıdakı cədvəl üzrə həyata keçirilir:
B38: 12 | C38: Yetərli miqdarda olmayan və ya artıq miqdarda edilən ödənişlərin öhdəliyin icrasından silinmə ardıcıllığı | D38: Yetərli miqdarda olmayan ödənişlərin öhdəliyin icrasından silinmə ardıcıllığı: 1-Cərimə borcundan; 2-Faiz borcundan; 3-Əsas borcdan
D40: Artıq miqdarda edilən ödənişlərin öhdəliyin icrasından silinmə ardıcıllığı: - Əsas borcdan
B42: 13 | C42: Tətbiq edildikdə, ödəniş və nağdlaşdırma əməliyyatlarının qeydiyyatını aparan bir və ya bir neçə hesabın saxlanma xərcləri, o cümlədən ödəniş və nağdlaşdırma əməliyyatları üçün ödəniş vasitələrindən istifadə xərcləri, kredit müqaviləsindən irəli gələn digər xərclər və bu xərclərin dəyişdirilmə şərtləri | D42: ● hesabın saxlanma xərcləri - Yoxdur
D43: ● konvertasiya haqqı - Yoxdur
D44: ● nağdlaşdırma komissiyası: a) kredit plastik ödəniş kartı ilə verildilikdə nağdlaşdırma komissiyası bank tariflərinə uyğun olaraq tutulur. b) kredit məbləği əlaqəli kredit müqaviləsi üzrə bank hesabına köçürüldükdə nağdlaşdırma komissiyası tətbiq edilmir.
D45: ● ölkədaxili köçürmələr üzrə komissiyalar - Yoxdur
D46: ● ölkəxarici köçürmələr üzrə komissiyalar - Yoxdur
D47: ● kredit kartı üzrə xərclər - Yoxdur
D48: ● kredit üzrə digər xərclərin adı və məbləği - Yoxdur
D49: ● xərclərin dəyişdirilmə şərtləri (yalnız azaldılma istiqamətində)
B50: 14 | C50: Tətbiq edildikdə, kredit müqaviləsinin bağlanılması ilə bağlı istehlakçı tərəfindən ödənilməli olan notarial xərclərin mövcudluğu | D50: Yoxdur
B51: 15 | C51: Kreditin alınması üçün əlavə xidmət müqaviləsinin, o cümlədən sığorta müqaviləsinin bağlanılması məcburi olduğu hallarda belə müqavilənin növü və istehlakçının istehlak krediti müqaviləsi ilə bağlı belə müqaviləni bağlamaq vəzifəsi | D51: =E104 -> Yoxdur
B52: 16 | C52: İstehlakçının ödənişlərini vaxtında etməməsinin hüquqi nəticələri | D52: Ödənişlər gecikdirildiyi halda bu Formada nəzərdə tutulan gecikdirmə faizləri və ya dəbbə pulu tətbiq edilə, təminata tutma yönəldilə, kreditin vaxtından əvvəl qaytarılması tələb edilə, habelə qanunda və müqavilədə müəyyən edilmiş digər tədbirlər görülə bilər.
B53: 17 | C53: Tətbiq edildikdə, gecikdirilmiş ödənişlərlə bağlı gecikdirilmə faizləri | D53: Gecikən kreditə görə Cərimə (dəbbə) məbləği tutulduğu üçün gecikdirilmə faizi tətbiq edilmir.
C55: ● Gecikdirilmə faizləri illik faiz dərəcəsinə 5 faiz bəndi əlavə edilməklə hesablanan məbləğdən çox deyildir.
C56: ● Əlavə olaraq dəbbə pulu (cərimə, penya), komissiya və ya digər formada hər hansı ödəniş tələb edilməyəcək.
C57: ● Gecikdirilmə faizlərinin hesablanması 180 gündən çox davam etməyəcək.
B58: 18 | C58: Tətbiq edildikdə, gecikdirilmiş ödənişlərlə bağlı ödənilməli dəbbə pulu (gecikdirilmə faizlərinin tətbiq edildiyi hallar istisna olmaqla) | D58: Kredit ödənişləri gecikdirldiyi halda Sizdən hər gecikdirilən gün üçün gecikdirilmiş aylıq ödənilməli əsas borcun 1% (bir) faizi miqdarında dəbbə pulu tələb ediləcək.
B59: 19 | C59: Tətbiq edildikdə, kreditin verilməsi üçün tələb olunan təminatlar və onlar barədə məlumatlar | D59: ● Təminatın növü | F59: =F103 -> Daşınar əmlak-İstehlak malları
D60: ● Kreditin verilmə müddəti, prosesin əlaqədar təşkilat və ya şəxslərdən asılı olmadığı halda 3 iş günü ərzində həyata keçirilir.
D61: ● sair
B62: 20 | C62: İstehlakçının istehlak krediti müqaviləsindən imtina hüququnun həyata keçirildiyi müddət və şərtlər | D62: Sizə kredit verildiyi gündən 30 (otuz) gün ərzində heç bir səbəb göstərmədən istehlak krediti müqaviləsindən imtina edə bilərsiniz.
D63: Bu halda, Siz müqavilə üzrə verilmiş pul vəsaitini və vəsaitin verildiyi gündən qaytarıldığı günədək hesablanan faizləri ödəməlisiniz.
D64: Bu halda borcverən tərəfindən ödənilən dövlət rüsumu və xidmət haqlarından başqa Sizdən kompensasiya və hər hansı digər ödənişlər tələb edilə bilməz.
D65: Əgər istehlak krediti müqaviləsi əlaqəli kredit müqaviləsidirsə, Siz Azərbaycan Respublikası Mülki Məcəlləsinin 746-6-cı maddəsində nəzərdə tutulan hüquqlardan istifadə edə bilərsiniz.
B66: 21 | C66: İstehlakçının istehlak kreditini vaxtından əvvəl ödəmək hüququ | D66: Siz istənilən vaxt xəbərdarlıq etmədən istehlak kreditini vaxtından əvvəl tam və ya qismən geri qaytara bilərsiniz. Bu halda, kreditin qalıq müddətinə görə hesablanmış faizlər və (və ya) digər haqlar vaxtından əvvəl ödənilmiş məbləğə uyğun olaraq azaldılır.
D67: Kreditin qismən vaxtından əvvəl ödənilməsi halında, borcverənlə razılaşma əsasında və ödəniş cədvəlində müvafiq dəyişiklik edilməklə:
D68: dövri ödənişlərin məbləği azaldıla;
D69: dövri ödəniş məbləğləri saxlanılmaqla, kredit müddəti azaldıla bilər.
B70: 22 | C70: Tətbiq edildikdə, istehlak krediti müqaviləsinin vaxtından əvvəl icrası zamanı borcverənin kompensasiya hüququ, kompensasiyanın məbləği və müəyyən edilməsi qaydası | D70: Bu halda borcverən Sizdən müqavilə ilə müəyyənləşdirilmiş kompensasiya məbləğini tələb edə bilər.
D71: Bu zaman kompensasiyanın məbləği müqavilə müddətinin bitməsinə:
D72: ● 1 ildən çox müddət qaldıqda - vaxtından əvvəl ödənilmiş məbləğin 1 faizdən;
D73: ● 1 il və daha az müddət qaldıqda isə - vaxtından əvvəl ödənilmiş məbləğin 0,5 faizindən çox olmayacaqdır.
D74: Əgər tərəfinizdən son 12 ay ərzində kredit üzrə vaxtından əvvəl ödənilmiş məbləğ ölkə üzrə müəyyən edilmiş minimum əməkhaqqı məbləğinin 40 mislindən (cari il üçün göstərici qeyd olunur – məs: 345 x 40=13800) çox olarsa, borcverən ona dəymiş zərəri məhkəmə qaydasında və ya zərər baş verdikdən sonra Sizinlə ayrıca razılıq əldə etməklə sübut etmək şərtilə daha yüksək (dəymiş zərərə mütənasib) kompensasiya tələb edə bilər.
D75: Kompensasiya məbləği hər bir halda vaxtından əvvəl ödənilmə anı ilə müqavilənin müddətinin başa çatması anı arasındakı müddətdə ödənilməli olan illik faiz dərəcəsi üzrə hesablanmış faiz məbləğlərindən çox ola bilməz.
B76: 23 | C76: Tətbiq edildikdə, borcverənin borcun vaxtından əvvəl qaytarılmasını tələb edə bildiyi hallar | D76: ● borcalanın əmlak vəziyyətinin əhəmiyyətli dərəcədə pisləşməsi (o cümlədən müqavilə bağlanılmazdan əvvəl baş vermiş və müqavilə bağlanılan anadək aradan qaldırılmamış pisləşmə borcverənə sonradan məlum olduqda) və ya borcalanın borcverənə hər hansı yanlış məlumat verməsi səbəbindən borcun vaxtında qaytarılmayacağını güman etməyə əsaslar olduqda;
D77: ● borcun hissə-hissə qaytarılmasını və (və ya) faizlərin və (və ya) haqların hissə-hissə ödənilməsini nəzərdə tutan borc müqaviləsi üzrə vaxtı çatmış borcun (faizlər və (və ya) haqlar daxil olmaqla) 90 (doxsan) gün və ya daha çox müddətə gecikdirilməsi yaxud borcun (faizlər və (və ya) haqlar daxil olmaqla) ödənilməsi müddətlərinin ardıcıl olaraq iki dəfə pozulması (90 (doxsan) gündən az olmamaqla);
D78: ● borcalan borc öhdəliyinin icrasının təmin edilməsi üzrə vəzifəsini yerinə yetirmədikdə, borcverənin cavabdeh olmadığı hallarla əlaqədar təminat itirildikdə (məhv olduqda, xitam verildikdə və s.) və yaxud dəyəri azaldıqda (o cümlədən qarantın və ya zaminin əmlak vəziyyəti əhəmiyyətli dərəcədə pisləşdikdə) və bu hallarda borcun vaxtında qaytarılmayacağını güman etməyə əsaslar olduqda;
D79: ● borcun təyinatı borc müqaviləsində göstərildiyi halda borcalan borcverənə borcun təyinatı üzrə istifadə edilməsinə müqavilədə nəzərdə tutulmuş qaydada nəzarət etməyə imkan vermədikdə və ya borc təyinatı üzrə istifadə olunmadıqda.
B80: 24 | C80: Kredit bürolarından alınmış məlumatlar əsasında kredit verilməsindən imtina edildikdə, bu barədə istehlakçının ödənişsiz olaraq məlumat almaq hüququ | D80: Siz müraciət etdiyiniz halda, müvafiq məlumat növbəti iş günündən gec olmayaraq Sizə yazılı şəkildə (kağız və ya digər davamlı daşıyıcıda) təqdim ediləcəkdir.
B81: 25 | C81: İstehlakçının müraciəti əsasında müqavilə layihəsinin surətini borcverəndən ödənişsiz almaq hüququ | D81: Hazırkı məlumatların qüvvədə olduğu müddətdə Siz bu hüquqdan istifadə etmək istədikdə, borcverənə (təşkilatımızın 012-526-26-25 nömrəli telefon nömrəsinə əvvəlcədən zəng edib bildirməklə Bakı ş, Binəqədi r, 7 MKR, S.S.Axundov küç, 3123-cü məh. (köhnə Beynəlxalq Universitetin önü)) müraciət edə bilərsiniz.
B83: 26 | C83: Bu Formada verilən məlumatların qüvvədə olduğu müddət | D83: Məlumatlar | E83: =D110 -> 46133 | F83: il tarixinədək qüvvədədir.
B84: 27 | C84: Bu Formada verilən məlumatların qanuna uyğun olmadığını müəyyən etdikdə istehlakçının öz hüquqlarının müdafiəsi üçün ata biləcəyi addımlar | D84: Aşağıdakılara müraciət edə bilərsiniz:
D85: ● Təşkilatın 012-526-26-25 telefon nömrəsi və ya office@idealkredit.az vasitəsilə;
D86: elektron poçt ünvanı vasitəsilə;
D87: ● Təşkilatın Bakı ş, Binəqədi r, 7 MKR, S.S.Axundov küç, 3123-cü məh. (köhnə Beynəlxalq Universitetin önü) ünvanında yerləşən ofisinə müraciət etməklə.
D88: ● Azərbaycan Respublikasının Mərkəzi Bankına;
D89: ● mediatora (mediasiya təşkilatı) və ya Bank Ombudsmanına;
D90: ● məhkəməyə.
B91: 28 | C91: Azərbaycan Respublikası Mərkəzi Bankının qaynar xətti | D91: 966
D92: Qaynar xəttə daxil olan zənglər iş günlərində fasiləsiz olaraq saat 09:00-dan 18:00-dək qəbul edilir.
B93: 29 | C93: İstehlakçının bu Formanı əldə etməsinin təsdiqi | D93: Ad, soyad: | E93: =Data!C23 -> Yunusov Vüqar Fikrət oğlu
D94: İmza:
D95: Tarix: | E95: =Data!E5 -> 45768
C101: ● illik faiz dərəcəsi - | D101: =Data!C76 -> 0 | E101: %
C102: =C101&D101&E101 -> ● illik faiz dərəcəsi - 0%
C103: =Data!C90 -> Daşınar əmlak-İstehlak malları | D103: =IF(C103="Yoxdur","0",IF(C103="Zaminlik","1",IF(C103="Daşınar əmlak-İstehlak malları","2",))) -> 2 | E103: =IF(D103="1","Yoxdur",IF(D103="2","Var",)) -> Var | F103: =IF(D103="0","Yoxdur",IF(D103="1","Zaminlik",IF(D103="2","Daşınar əmlak-İstehlak malları",))) -> Daşınar əmlak-İstehlak malları
C104: Sığorta varsa/yoxsa | D104: 0 | E104: =IF(D104=0,"Yoxdur",IF(D104>0,"Həyat sığortası",)) -> Yoxdur
C105: ● Təminatın növü -
C106: =C105&F103 -> ● Təminatın növü - Daşınar əmlak-İstehlak malları
C107: =Data!C74 -> 1272 | D107: =IF(C107<Data!D136,"0",IF(C107<=(Data!D136*Data!D134),"2",IF(C107>=(Data!D136*Data!D134),"3"))) -> 2 | E107: =IF(D107=0,"Qara",) -> 0 | F107: =D107 -> 2
D109: =KR!F132 -> 43.5
D110: =IF(Data!C78<=6,Лист2!M21,IF(Data!C78<=12,Лист2!M22,IF(Data!C78<=18,Лист2!M23,IF(Data!C78<=24,Лист2!M24,0)))) -> 46133

Sheet Kredit sifarişi
T2: "İDEAL KREDİT" BOKT MMC
T3: KREDİT SİFARİŞİ
B4: Sifarişçi haqqında məlumat
B6: 1. Adı, S.A., A.A. | W6: =Data!C23 -> Yunusov Vüqar Fikrət oğlu
B7: 2. Şəxsiyyət vəsiqəsinin seriyası | V7: =Data!C21 -> AA5512135
B8: 3. Şəxsiyyət vəsiqəsinin verilmə tarixi | W8: =Data!E21 -> 29.10.2023 | AC8: ci il.
B9: 4. Kim tərəfindən verilib | W9: =Data!C27 -> Asan4
B10: 5. Doğum yeri | I10: =Data!C35 -> Azərbaycan | S10: Respublikası | Y10: =Data!D35 -> Bakı | AL10: Vətəndaşlığı | AO10: =Data!C37 -> Azərbaycanlı
B11: 6. Daimi qeydiyyat ünvanı | N11: =Data!C29 -> NEFTÇALA RAYONU, XOL QARABUCAQ Ə/D, DÖRDLƏR KƏNDİ
B12: 7. Faktiki yaşadığı ünvan | N12: =Data!C31 -> Sabunçu ray., Kürdəxanı qəs,Elton İsgəndərov küç,23-cü məhəllə, (113 nömrəli məktəb tərəf)
B13: 8. Əlaqə telefonları
C14: =Data!C33 -> 0703732363 müştəri,
B16: 9. Ailə vəziyyəti | W16: =Data!C39 -> Evli
B17: 10. Uşaqlarının sayı və təvəllüdü | R17: =Data!C59 -> 2
B18: 11. Təhsili | L18: =Data!C41 -> Orta
B19: 12. İşlədiyi yerin adı | K19: =Data!C43 -> Fərdi gəlirlər
B20: 13. İşlədiyi yerin ünvanı | M20: =Data!C45 -> Bakı
B21: 14. Vəzifəsi və iş stajı | L21: =Data!C47 -> Diş texniki
B22: 15. Aylıq əmək haqqı məbləği (manatla) | X22: =Data!C49 -> 1500 | AL22: man
B23: 16. Digər gəlirlər | T23: =Data!C51 -> 0 | AC23: man
B24: 17. Ailə gəlirləri | T24: =Data!C53 -> 500 | AC24: man
B26: ZAMİN 1
B27: 18. Borcun alınmasına təminatçı olan digər şəxs (əgər varsa) onun haqqında qısa məlumat
B28: Adı, S.A., A.A. | K28: =Data!C106 -> 0
B29: Şəxsiyyət vəsiqəsinin seriyası | T29: =Data!C102 -> 0
B30: Şəxsiyyət vəsiqəsinin verilmə tarixi | W30: =Data!E102 -> 0
B31: Kim tərəfindən verilib | V31: =Data!C104 -> ASAN 2
B32: Doğum yeri | AF32: Vətəndaşlığı
B33: Daimi qeydiyyat ünvanı | M33: =Data!C110 -> 0
B34: Faktiki yaşadığı ünvan | M34: =Data!C112 -> 0
B35: Əlaqə telefonları | J35: =Data!C114 -> 0
B36: İşlədiyi yerin adı və vəzifəsi
B37: İşlədiyi yerin ünvanı
B39: ZAMİN 2
B40: 19. Borcun alınmasına təminatçı olan digər şəxs (əgər varsa) onun haqqında qısa məlumat
B41: Adı, S.A., A.A. | K41: =Data!C124 -> 0
B42: Şəxsiyyət vəsiqəsinin seriyası | T42: =Data!C120 -> 0
B43: Şəxsiyyət vəsiqəsinin verilmə tarixi | W43: =Data!E120 -> 0
B44: Kim tərəfindən verilib | V44: =Data!C122 -> 0
B45: Doğum yeri | AF45: Vətəndaşlığı
B46: Daimi qeydiyyat ünvanı | M46: =Data!C128 -> 0
B47: Faktiki yaşadığı ünvan | L47: =Data!C130 -> 0
B48: Əlaqə telefonları | J48: =Data!C132 -> 0
B49: İşlədiyi yerin adı və vəzifəsi
B50: İşlədiyi yerin ünvanı
B52: 23. Ötən il ərzində gəlirlər və xərclər barədə məlumatlar:
B54: Gəlirlərin təxmini cəmi | AH54: =X22+T23+T24 -> 2000
B55: Xərclərin cəmi | AH55: =Data!C55 -> 1500
B56: Xalis gəlir (ixrac) | AH56: =AH54-AH55 -> 500
B58: 24. Kreditin alınması üçün zəruri olan digər məlumatlar:
B59: Mən, aşağıda imza edən Sizdən mənə yuxarıda qeyd olunan məbləğdə kredit vəsaiti ayırmağınızı xahiş edirəm. Bu sifarişdə göstərilən bütün məlumatların düzgünlüyünə və həqiqiliyinə zəmanət verir və istənilən mənbələrdən bu barədə istənilən məlumatı yoxlamağa icazə verirəm. Həmçinin onu da başa düşürəm ki, bu sifarişi qəbul etməklə BOKT göstərilən məbləğdə və şərtlərlə kredit verilməsinə dair üzərinə heç bir öhdəlik götürmür.
D66: (Sifariş verən şəxsin adı, soyadı və ata adı) | AP66: (imzası)
A68: =Data!E5 -> 45768 | M68: cu il

Sheet ZAMIN 1
B2: "İDEAL KREDİT" BOKT MMC
E3: ZAMİNLİK MÜQAVİLƏSİ № | I3: =Data!I5 -> 04/2078-25
C5: Bakı şəhəri | L5: =Data!E5 -> 45768
B7: Əsasnamə və Etibarnamə əsasında fəaliyyət göstərən (gələcəkdə "BOKT" adlanacaq) BOKT “İDEAL KREDİT” MMC-nin Partnyorluq kreditləri bölməsinin
B8: müdiri Şirməmmədov Vüsal Əlyar oğlu şəxsində bir tərəfdən, gələcəkdə "Borcalan" adlanacaq fiziki şəxs | K8: =Data!C23 -> Yunusov Vüqar Fikrət oğlu
B9: digər tərəfdən və gələcəkdə Zamin adlanacaq fiziki şəxs | G9: =Data!C106 -> 0 | K9: üçüncü tərəfdən,(birlikdə Tərəflər
B10: adlanacaq) aşağıdakılar barədə razılığa gələrək bu müqaviləni bağladılar.
B12: 1.MÜQAVİLƏNİN PREDMETİ
B13: 1.1. BOKT ilə Borcalan | D13: =Data!C23 -> Yunusov Vüqar Fikrət oğlu | H13: arasında | I13: =Data!E5 -> 45768 | K13: ci il tarixdə Bakı şəhərində bağlanmış
B14: =Data!I5 -> 04/2078-25 | C14: saylı əlaqəli kredit müqaviləsinə əsasən BOKT Borcalana | H14: =Data!C78 -> 12 | I14: aya qaytarmaq şərti ilə,illik | K14: =Data!C76 -> 0 | L14: % olmaqla | M14: =Data!C74 -> 1272
B15: =PP!AK6 -> (Bir min iki yüz yetmiş iki manat ) | G15: məbləğində kredit vemişdir.
B16: 1.2. Bu müqavilə üzrə "Zamin" | E16: =Data!C106 -> 0 | I16: özünə məxsus bütün daşınar və daşınmaz əmlakları ilə BOKT-la
B17: Borcalan arasında bağlanmış | E17: =Data!E5 -> 45768 | G17: il tarixli, | H17: =Data!I5 -> 04/2078-25 | I17: saylı kredit müqaviləsi üzrə Borcalanın BOKT qarşısında öhdəliklərini
B18: icra etməsi üçün məsuliyyəti öz üzərinə götürürür.
B19: 1.3. Borcalan zaminliklə təmin edilmiş öhdəliyi icra etmədikdə və ya lazımınca icra etmədikdə Zamin və Borcalan BOKT qarşısında birgə məsuliyyət daşıyır.
B20: 1.4. Borcalanın BOKT qarşısındakı öhdəlikləri icra etməməsi və ya lazımınca icra etməməsi nəticəsində BOKT-a dəyən bütün zərərlərin (kredit müqaviləsi
B21: üzrə borcun, dəbbə (cərimə) pulu, məhkəmə xərcləri və s.) əvəzinin ödənilməsi də daxil olmaqla, "İDEAL KREDİT" BOKT qarşısında Borcalan ilə eyni həcmdə,
B22: yəni tam öhdəlik üzrə məsuliyyət daşıyır.
B23: 1.5. Bu müqavilə üzrə zaminlik | E23: =Data!I5 -> 04/2078-25 | F23: saylı kredit müqaviləsinin müddəti bitdiyi tarixdən əlavə 3 il müddətinə qüvvədədir.
B25: 2.TƏRƏFLƏRİN HÜQUQ VƏ VƏZİFƏLƏRİ
B26: 2.1. BOKT-nın hüquq və vəzifələri:
B27: 2.1.1. Borcalan BOKT qarşısında öz öhdəliklərinin icrasını lazımı səviyyədə təmin etmədikdə, BOKT Zamindən verilmiş kreditin və ona hesablanmış faiz
B28: borcunun vaxtından əvvəl qaytarılmasını tələb edə bilər.
B29: 2.1.2. Zamin Borcalanın BOKT qarşısında öhdəliklərinin icrasını təmin etdikdən sonra onun yazılı müraciəti əsasında, BOKT Borcalana qarşı tələbini təsdiq
B30: edən sənədləri Zaminə təqdim etməyə və həmin tələbi təmin edən hüquqları verməyə borcludur.
B31: 2.2. Zaminin hüquq və vəzifələri:
B32: 2.2.1. Zamin Borcalanın əvəzindən onun BOKT qarşısında olan öhdəliklərini icra etdikdən sonra, BOKT-dan Borcalana qarşı tələbini təsdiq edən sənədlərin
B33: (reqres tələblə əlaqədar) və həmin tələbi təmin edən hüquqların ona verilməsini tələb edə bilər.
B34: 2.2.2. Borcalanın əvəzindən onun BOKT-a olan öhdəliyini tam şəkildə icra etdikdən sonra BOKT-nın Borcalana qarşı həmin öhdəlik üzrə hüquqlarından tam
B35: istifadə edə bilər və s.
B36: 2.2.3. Zamin BOKT-nın tələbini ödədikdə bu barədə Borcalanı xəbərdar etməyə borcludur.
... B68: 4.TƏRƏFLƏRİN REKVİZİTLƏRİ:
B69: BOKT | K69: Borcalan
B70: "İDEAL KREDİT" BOKT MMC-nin Partnyorluq kreditləri bölməsi | I70: =Data!C23 -> Yunusov Vüqar Fikrət oğlu
B71: Müdir: Şirməmmədov Vüsal Əlyar oğlu | H71: Ünvan | I71: =Data!C29 -> NEFTÇALA RAYONU, XOL QARABUCAQ Ə/D, DÖRDLƏR KƏNDİ
B72: Hüquqi ünvan: Bakı şəhəri, F.Xoyski küç. 111"A", m.26 | H72: Ş/V № | J72: =Data!C21 -> AA5512135
B73: Faktiki ünvan: Bakı ş, Binəqədi r, 7 MKR, S.S.Axundov küç, 3123-cü məh. | H73: Verilmə tarixi | J73: =Data!E21 -> 29.10.2023 | M73: =Data!C27 -> Asan4
B74: Tel: 012 526 26 25
B75: VÖEN: | C75: 1300480591
I77: Borcalan
K80: Zamin
I81: =Data!C106 -> 0
H82: Ünvan | I82: =Data!C110 -> 0
H83: Ş/V № | J83: =Data!C102 -> 0
B84: Müdir: | H84: Verilmə tarixi | J84: =Data!E102 -> 0 | M84: =Data!C104 -> ASAN 2
B85: M.Y
I87: Zamin

Sheet ZAMIN 2
B2: "İDEAL KREDİT" BOKT MMC
E3: ZAMİNLİK MÜQAVİLƏSİ № | I3: =Data!I5 -> 04/2078-25
C5: Bakı şəhəri | L5: =Data!E5 -> 45768
B7: Əsasnamə və Etibarnamə əsasında fəaliyyət göstərən (gələcəkdə "BOKT" adlanacaq) BOKT “İDEAL KREDİT” MMC-nin Partnyorluq kreditləri bölməsinin
B8: müdiri Şirməmmədov Vüsal Əlyar oğlu şəxsində bir tərəfdən, gələcəkdə "Borcalan" adlanacaq fiziki şəxs | K8: =Data!C23 -> Yunusov Vüqar Fikrət oğlu
B9: digər tərəfdən və gələcəkdə Zamin adlanacaq fiziki şəxs | G9: =Data!C124 -> 0 | K9: üçüncü tərəfdən,(birlikdə Tərəflər
B10: adlanacaq) aşağıdakılar barədə razılığa gələrək bu müqaviləni bağladılar.
B12: 1.MÜQAVİLƏNİN PREDMETİ
B13: 1.1. BOKT ilə Borcalan | D13: =Data!C23 -> Yunusov Vüqar Fikrət oğlu | H13: arasında | I13: =Data!E5 -> 45768 | K13: ci il tarixdə Bakı şəhərində bağlanmış
B14: =Data!I5 -> 04/2078-25 | C14: saylı əlaqəli kredit müqaviləsinə əsasən BOKT Borcalana | H14: =Data!C78 -> 12 | I14: aya qaytarmaq şərti ilə illik | K14: =Data!C76 -> 0 | L14: % olmaqla | M14: =Data!C74 -> 1272
B15: =PP!AK6 -> (Bir min iki yüz yetmiş iki manat ) | G15: məbləğində kredit vemişdir.
B16: 1.2. Bu müqavilə üzrə "Zamin" | E16: =Data!C124 -> 0 | I16: özünə məxsus bütün daşınar və daşınmaz əmlakları ilə BOKT-la
B17: Borcalan arasında bağlanmış | E17: =Data!E5 -> 45768 | G17: il tarixli, | H17: =Data!I5 -> 04/2078-25 | I17: saylı kredit müqaviləsi üzrə Borcalanın BOKT qarşısında öhdəliklərini
B18: icra etməsi üçün məsuliyyəti öz üzərinə götürürür.
B19: 1.3. Borcalan zaminliklə təmin edilmiş öhdəliyi icra etmədikdə və ya lazımınca icra etmədikdə Zamin və Borcalan BOKT qarşısında birgə məsuliyyət daşıyır.
B20: 1.4. Borcalanın BOKT qarşısındakı öhdəlikləri icra etməməsi və ya lazımınca icra etməməsi nəticəsində BOKT-a dəyən bütün zərərlərin (kredit müqaviləsi
B21: üzrə borcun, dəbbə pulu, məhkəmə xərcləri və s.) əvəzinin ödənilməsi də daxil olmaqla, "İDEAL KREDİT" BOKT qarşısında Borcalan ilə eyni həcmdə,
B22: yəni tam öhdəlik üzrə məsuliyyət daşıyır.
B23: 1.5. Bu müqavilə üzrə zaminlik | E23: =Data!I5 -> 04/2078-25 | F23: saylı kredit müqaviləsinin müddəti bitdiyi tarixdən əlavə 3 il müddətinə qüvvədədir.
B25: 2.TƏRƏFLƏRİN HÜQUQ VƏ VƏZİFƏLƏRİ
B26: 2.1. BOKT-nın hüquq və vəzifələri:
B27: 2.1.1. Borcalan BOKT qarşısında öz öhdəliklərinin icrasını lazımı səviyyədə təmin etmədikdə, BOKT Zamindən verilmiş kreditin və ona hesablanmış faiz
B28: borcunun vaxtından əvvəl qaytarılmasını tələb edə bilər.
B29: 2.1.2. Zamin Borcalanın BOKT qarşısında öhdəliklərinin icrasını təmin etdikdən sonra onun yazılı müraciəti əsasında, BOKT Borcalana qarşı tələbini təsdiq
B30: edən sənədləri Zaminə təqdim etməyə və həmin tələbi təmin edən hüquqları verməyə borcludur.
B31: 2.2. Zaminin hüquq və vəzifələri:
B32: 2.2.1. Zamin Borcalanın əvəzindən onun BOKT qarşısında olan öhdəliklərini icra etdikdən sonra, BOKT-dan Borcalana qarşı tələbini təsdiq edən sənədlərin
B33: (reqres tələblə əlaqədar) və həmin tələbi təmin edən hüquqların ona verilməsini tələb edə bilər.
B34: 2.2.2. Borcalanın əvəzindən onun BOKT-a olan öhdəliyini tam şəkildə icra etdikdən sonra BOKT-nın Borcalana qarşı həmin öhdəlik üzrə hüquqlarından tam
B35: istifadə edə bilər və s.
B36: 2.2.3. Zamin BOKT-nın tələbini ödədikdə bu barədə Borcalanı xəbərdar etməyə borcludur.
... B67: ("Zamin" əl ilə "tanış oldum razıyam" yazır və "tarixi qeyd edir")
A68: 5.TƏRƏFLƏRİN REKVİZİTLƏRİ:
B69: BOKT | K69: Borcalan
B70: "İDEAL KREDİT" BOKT MMC-nin Partnyorluq kreditləri bölməsi | I70: =Data!C23 -> Yunusov Vüqar Fikrət oğlu
B71: Müdir: Şirməmmədov Vüsal Əlyar oğlu | H71: Ünvan | J71: =Data!C29 -> NEFTÇALA RAYONU, XOL QARABUCAQ Ə/D, DÖRDLƏR KƏNDİ
B72: Hüquqi ünvan: Bakı şəhəri, F.Xoyski küç. 111"A", m.26 | H72: Ş/V № | J72: =Data!C21 -> AA5512135
B73: Faktiki ünvan: Bakı ş, Binəqədi r, 7 MKR, S.S.Axundov küç, 3123-cü məh. | H73: Verilmə tarixi | J73: =Data!E21 -> 29.10.2023 | M73: =Data!C27 -> Asan4
B74: Tel: 012 526 26 25
B75: VÖEN: | C75: 1300480591
I77: Borcalan
K80: Zamin
I81: =Data!C124 -> 0
H82: Ünvan | J82: =Data!C128 -> 0
H83: Ş/V № | J83: =Data!C120 -> 0
B84: Müdir: | H84: Verilmə tarixi | J84: =Data!E120 -> 0 | M84: =Data!C122 -> 0
B85: M.Y
I87: Zamin

Sheet TT-Akt-Kart
E4: PLASTİK KARTIN
E5: Təhvil-Təslim Aktı
B16: Bakı şəhəri | J16: =Data!E5 -> 45768
A20: Biz, aşağıda imza edənlər: BOKT "İdeal Kredit" MMC-nin adından Direktor Qubadov Qubad Baxas oğlu
A21: bir tərəfdən və fiziki şəxs ("borcalan") | E21: =Data!C23 -> Yunusov Vüqar Fikrət oğlu | J21: digər tərəfdən bu AKT-ı
A22: tərtib etdik ondan ötəri ki, | D22: =Data!E5 -> 45768 | F22: il tarixdə bağlanmış | H22: =Data!I5 -> 04/2078-25 | J22: saylı kredit müqaviləsi
A23: üzrə kredit məbləği köçürülmüş | D23: =Data!E53 -> 0 | J23: nömrəli plastik kart(lar)
A24: Bakı şəhəri, Həsən Əliyev küçəsi 34, ünvanında borcalana təhvil verilmişdir. Borcalan bu AKT-ı imzalamaqla
A25: qeyd edilən plastik kart(lar)ı təhvil aldığını təsdiq edir.
A34: Təhvil verdi: | E34: Təhvil aldı: | J34: İştirak etdi:
A35: BOKT "İdeal Kredit" MMC Əməliyyat şöbəsi | E35: =Data!C23 -> Yunusov Vüqar Fikrət oğlu | J35: BOKT "İdeal Kredit" MMC Kredit şöbəsi
A36: Bakı şəh, Həsən Əliyev küç. 34 | E36: =Data!C29 -> NEFTÇALA RAYONU, XOL QARABUCAQ Ə/D, DÖRDLƏR KƏNDİ | J36: Bakı şəh, Həsən Əliyev küç. 34
A37: VÖEN 1300480591 | E37: Ş/V | F37: =Data!C21 -> AA5512135 | J37: VÖEN 1300480591
A43: imza/tarix | E43: imza/tarix | J43: imza/tarix

Sheet Girov
A2: =Data!I5 -> 04/2078-25 | B2: Saylı kredit müqaviləsi üzrə Girov AKT-ı
C5: Tarix: | D5: =Data!E5 -> 45768
A8: Mebel alan şəxs: | B8: =Data!C23 -> Yunusov Vüqar Fikrət oğlu
B9: (Adı və soyadı)
A10: Tələb olunan kredit məbləği: | B10: =Data!C74 -> 1272 | C10: =KR!#REF! -> #REF!
A11: Telefon nömrələri: | B11: =Data!C33 -> 0703732363 müştəri,
A12: Mebelin getdiyi faktiki ünvan: | B12: Abşeron ray,Biləcəri qəs,M.Mikayılov küç,döngə 3,ev.15A. Məhəllə 35 (Oba marketin yanı)
A14: Mebel predmeti haqqında məlumat:
A15: Mebelin adı | B15: Sayı | C15: Bir vahidinin qiyməti | D15: Ümumi məbləğ
A16: Y/D Country D300-Ç160,Aytaşı | B16: 1 | C16: 5329 | D16: 5329
A17: Gold matras | B17: 1 | C17: 270 | D17: 270
A32: CƏMİ | D32: =SUM(D16:D31) -> 5599
A34: Bu akt ilə qəbul etdiyim mebel predmetləri BOKT "İDEAL KREDİT" MMC-yə olan kredit borcumu tam ödəyib
A35: qurtarana kimi "İDEAL KREDİT" BOKT-da girovdadır və onun mülkiyyətidir. Əgər kredit borcumu vaxtı-vaxtında ödəyə
A36: bilməsəm "İDEAL KREDİT" BOKT-nin əməkdaşlarının bu AKT-da qeyd olunmuş mebel predmetlərini qeyd-şərtsiz müsadirə
A37: etmələrinə heç bir etirazım yoxdur və bildirirəm ki, müsadirə anına BOKT-a olan borcum qarşılığında bu aktda qeyd edilmiş
A38: bütün mebel predmetlərini qeyri şərtsiz BOKT-nin əməkdaşlarına təhvil verəcəm və bunu aşağıda öz imzamla təsdiq edirəm.
A40: Qeyd: Borcalan kreditlə aldığı (BOKT-də girovda olan) mebeli təyinatı üzrə istifadə etməzsə (Kreditora xəbər etmədən
A41: mebeli təhvil verilmiş ünvandan fərqli ünvana daşıyarsa və ya həmin mebelin kredit borcunu tam ödəmədən digər 3-cü şəxsə
A42: satarsa / bağışlayarsa) və bununla bağlı qəsdən aldatma və etibardan sui istifadə hallarına yol verərsə Kreditor Borcalandan
A43: kreditin vaxtından əvvəl tam bağlanmasını tələb edə bilər və həmçinin cinayət məcəlləsinin 195-ci maddəsini əsas tutaraq
A44: hüquq mühafizə orqanlarına müraciət edə bilər.
A51: Borcalan
B52: (Adı və soyadı) | D52: (İmza)

Sheet Rəy
A1: Müraciət
A2: Məhsul | B2: =Data!C68 -> İstehlak mal(lar)ının alınması üçün
A3: Tarix | B3: =Data!E5 -> 45768
A4: Müştəri (S/A/A) | B4: =Data!C23 -> Yunusov Vüqar Fikrət oğlu
A5: İş yeri və vəzifəsi | B5: =Data!C43 -> Fərdi gəlirlər
A6: Əmək haqqı | B6: =Data!C49 -> 1500
A7: Əlavə gəliri | B7: =Data!C51-(B6) -> -1500
A8: Ailə gəlirləri | B8: =B6+B7 -> 0
A9: Maksimum kredit məbləği | B9: 1500
A10: Cari qalıq borc | B10: 2110
A11: Aktiv kreditlərin sayı | B11: 4 ədəd
A12: Toplam aylıq ödənişi | B12: 216
A13: Ortalama gecikmə günləri | B13: 0
A14: Cari limiti (cari borc çıxıldıqdan sonra) | B14: 4000
A15: Lizinq predmetinin dəyəri | B15: 74 azn
A16: İlkin ödəniş | B16: 0 azn
A17: Kredit məbləği | B17: =Data!C74 -> 1272
A18: Müraciət edilən kreditin müddəti (aylar) | B18: =Data!C78 -> 12
A19: Kreditin təyinatı | B19: =Data!#REF! -> #REF!
A20: Kredit Komitesine və ya İLS-ə çıxma səbəbi | B20: müştəri limiti və filialın limitini keçir
A21: KREDİT MÜTƏXƏSSİSİNİN RƏYİ
A22: Müştərinin şəxsi keyfiyyətlərini, kredit tarixcəsini və aylıq gəlirlərini nəzərə alaraq kreditin verilməsini uyğun hesab edirəm.
A35: Kredit mütəxəssisi (A.A.S): | B35: Həbibov Elvin Namiq oğlu

Sheet OPİS
G11: =Data!E5 -> 45768
B14: AZƏRBAYCAN RESPUBLIKASI
B15: Bank Olmayan Kredit Təşkilatı
B16: "İDEAL KREDİT" MMC
B21: =Data!C23 -> Yunusov Vüqar Fikrət oğlu
E23: arasında
E25: =Data!I5 -> 04/2078-25 | F25: № li
B31: Kredit Müqaviləsi
B33: Ödəmə Qrafiki
B50: Forma 4

Sheet Ödəniş Tapşırığı
A1: Ödəniş tapşırığı № 680
C2: =Data!E5 -> 45768 | P2: =TODAY() -> 45786
P3: =IF(DAY(P2)>9,DAY(P2),TEXT(,0&DAY(P2))) -> 09
A4: A1.Emitent ( ödəyən ) bank | E4: B1.Benefisiar: ( alan ) bank | P4: =IF(MONTH(P2)=1,"йанвар",(IF(MONTH(P2)=2,"феврал",(IF(MONTH(P2)=3,"март",(IF(MONTH(P2)=4,"апрел",(IF(MONTH(P2)=5,"май",(IF(MONTH(P2)=6,"ийун",(IF(MONTH(P2)=7,"ийул",""))))))))))))) -> май
A5: Adı: | B5: Azərpoçt MMC PF1 | E5: Adı: | F5: Azərpoçt MMC PF1 | J5: Ссуданын юдянилмяси цчцн | P5: =IF(P4="",(IF(MONTH(P2)=8,"август",(IF(MONTH(P2)=9,"сентйабр",(IF(MONTH(P2)=10,"октйабр",(IF(MONTH(P2)=11,"нойабр",(IF(MONTH(P2)=12,"декабр","")))))))))),"")
A6: Kodu: | B6: 691011 | E6: Kodu: | F6: 691011 | J6: Фаизин юдянилмяси цчцн | P6: =YEAR(P2) -> 2025
A7: VÖEN: | B7: 9900037711 | E7: VÖEN: | F7: 9900037711 | J7: Ссуда вя фаизин юдянилмяси цчцн | P7: =CONCATENATE(P3," ",P4," ",P5," ",P6,"-ъи ил") -> 09 май 2025-ъи ил
A8: Müxbir hesabı: | B8: AZ76NABZ01350100000000094944 | E8: Müxbir hesabı: | F8: AZ76NABZ01350100000000094944 | J8: Пластик карт кредити цзря юдяниш
A9: S.W.I.F.T. Bik: | B9: AZPOAZ22 | E9: S.W.I.F.T. Bik: | F9: AZPOAZ22
A10: A2. Ödəyən müştəri | E10: B2. Alan müştəri | I10: =B16 -> 1272
A11: Adı: | B11: "Ideal Kredit" BOKT MMC | E11: Adı: | F11: =Data!C23 -> Yunusov Vüqar Fikrət oğlu | I11: =INT(I10/10000000000) -> 0 | J11: =INT(I10/1000000000)-I11*10 -> 0 | L11: =INT(I10/100000000)-(J11*10+I11*100) -> 0 | N11: =INT(I10/10000000)-(L11*10+J11*100+I11*1000) -> 0 | O11: =INT(I10/1000000)-(I11*10000+J11*1000+L11*100+N11*10) -> 0 | Q11: =INT(I10/100000)-(I11*100000+J11*10000+L11*1000+N11*100+O11*10) -> 0 | S11: =INT(I10/10000)-(I11*1000000+J11*100000+L11*10000+N11*1000+O11*100+Q11*10) -> 0 | T11: =INT(I10/1000)-(I11*10000000+J11*1000000+L11*100000+N11*10000+O11*1000+Q11*100+S11*10) -> 1 | V11: =INT(I10/100)-(I11*100000000+J11*10000000+L11*1000000+N11*100000+O11*10000+Q11*1000+S11*100+T11*10) -> 2 | X11: =INT(I10/10)-(I11*1000000000+J11*100000000+L11*10000000+N11*1000000+O11*100000+Q11*10000+S11*1000+T11*100+V11*10) -> 7 | Y11: =INT(I10)-(I11*10000000000+J11*1000000000+L11*100000000+N11*10000000+O11*1000000+Q11*100000+S11*10000+T11*1000+V11*100+X11*10) -> 2 | Z11: =INT(I10*10)-(I11*100000000000+J11*10000000000+L11*1000000000+N11*100000000+O11*10000000+Q11*1000000+S11*100000+T11*10000+V11*1000+X11*100+Y11*10) -> 0 | AA11: =INT(I10*100)-(I11*1000000000000+J11*100000000000+L11*10000000000+N11*1000000000+O11*100000000+Q11*10000000+S11*1000000+T11*100000+V11*10000+X11*1000+Y11*100+Z11*10) -> 0
A12: Hesab №-si: | B12: AZ05AZPO91015461400420200413 | E12: Hesab №-si: | F12: =Data!F63 -> 0 | I12: =IF(I11=0," ",IF(I11=1," On ",IF(I11=2," İyirmi",IF(I11=3," Otuz",IF(I11=4," Qırx"," ")))))&IF(I11=5," Əlli",IF(I11=6," Altmış",IF(I11=7," Yetmiş",IF(I11=8," Səksən",IF(I11=9," Doxsan"," "))))) | J12: =IF(J11=0," ",IF(J11=1," bir",IF(J11=2," iki",IF(J11=3," üç",IF(J11=4," dörd"," ")))))&IF(J11=5," beş",IF(J11=6," altı",IF(J11=7," yeddi",IF(J11=8," səkkiz",IF(J11=9," doqquz"," "))))) | K12: =IF(AND(J11=0,I11=0)," "," milyard ") | L12: =IF(L11=0," ",IF(L11=1,"bir ",IF(L11=2,"iki ",IF(L11=3,"üç ",IF(L11=4,"dörd "," ")))))&IF(L11=5,"beş ",IF(L11=6,"altı ",IF(L11=7,"yeddi ",IF(L11=8,"səkkiz ",IF(L11=9,"doqquz "," "))))) | M12: =IF(L12=" "," "," yüz ") | N12: =IF(N11=0," ",IF(N11=1,"on ",IF(N11=2,"iyirmi ",IF(N11=3,"otuz ",IF(N11=4,"qırx "," ")))))&IF(N11=5,"əlli ",IF(N11=6,"altmış ",IF(N11=7,"yetmiş ",IF(N11=8,"səksən ",IF(N11=9,"doxsan "," "))))) | O12: =IF(O11=0," ",IF(O11=1,"bir",IF(O11=2,"iki",IF(O11=3,"üç",IF(O11=4,"dörd"," ")))))&IF(O11=5,"beş",IF(O11=6,"altı",IF(O11=7,"yeddi",IF(O11=8,"səkkiz",IF(O11=9,"doqquz"," "))))) | P12: =IF(AND(N11=0,L11=0,O11=0)," "," milyon ") | Q12: =IF(Q11=0," ",IF(Q11=1,"bir ",IF(Q11=2,"iki ",IF(Q11=3,"üç ",IF(Q11=4,"dörd "," ")))))&IF(Q11=5,"beş ",IF(Q11=6,"altı ",IF(Q11=7,"yeddi ",IF(Q11=8,"səkkiz ",IF(Q11=9,"doqquz "," "))))) | R12: =IF(Q12=" "," "," yüz ") | S12: =IF(S11=0," ",IF(S11=1,"on ",IF(S11=2,"iyirmi ",IF(S11=3,"otuz ",IF(S11=4,"qırx "," ")))))&IF(S11=5,"əlli ",IF(S11=6,"altmış ",IF(S11=7,"yetmiş ",IF(S11=8,"səksən ",IF(S11=9,"doxsan "," "))))) | T12: =IF(T11=0," ",IF(T11=1,"bir",IF(T11=2,"iki",IF(T11=3,"üç",IF(T11=4,"dörd"," ")))))&IF(T11=5,"beş",IF(T11=6,"altı",IF(T11=7,"yeddi",IF(T11=8,"səkkiz",IF(T11=9,"doqquz"," "))))) -> bir | U12: =IF(AND(S11=0,Q11=0,T11=0)," "," min ") -> min | V12: =IF(V11=0," ",IF(V11=1,"bir ",IF(V11=2,"iki ",IF(V11=3,"üç ",IF(V11=4,"dörd "," ")))))&IF(V11=5,"beş ",IF(V11=6,"altı ",IF(V11=7,"yeddi ",IF(V11=8,"səkkiz ",IF(V11=9,"doqquz "," "))))) -> iki | W12: =IF(V12=" "," "," yüz ") -> yüz | X12: =IF(X11=0," ",IF(X11=1," on",IF(X11=2," iyirmi",IF(X11=3," otuz",IF(X11=4," qırx"," ")))))&IF(X11=5," əlli",IF(X11=6," altmış",IF(X11=7," yetmiş",IF(X11=8," səksən",IF(X11=9," doxsan"," "))))) -> yetmiş | Y12: =IF(Y11=0," ",IF(Y11=1," bir",IF(Y11=2," iki",IF(Y11=3," üç",IF(Y11=4," dörd"," ")))))&IF(Y11=5," beş",IF(Y11=6," altı",IF(Y11=7," yeddi",IF(Y11=8," səkkiz",IF(Y11=9," doqquz"," "))))) -> iki | Z12: =IF(Z11=0," ",IF(Z11=1," он",IF(Z11=2," ийирми",IF(Z11=3," отуз",IF(Z11=4," гырх"," ")))))&IF(Z11=5," ялли",IF(Z11=6," алтмыш",IF(Z11=7," йетмиш",IF(Z11=8," сяксян",IF(Z11=9," дохсан"," "))))) | AA12: =IF(AA11=0," ",IF(AA11=1," bir",IF(AA11=2," iki",IF(AA11=3," üç",IF(AA11=4," dörd"," ")))))&IF(AA11=5," beş",IF(AA11=6," altı",IF(AA11=7," yeddi",IF(AA11=8," səkkiz",IF(AA11=9," doqquz"," ")))))
A13: VÖEN: | B13: 1300480591 | E13: VÖEN: | I13: =PROPER(I12) | J13: =IF(I12=" ",PROPER(J12),J12) | K13: =K12 | L13: =IF(AND(I12=" ",J12=" ",K12=" "),PROPER(L12),L12) | M13: =M12 | N13: =IF(AND(I12=" ",J12=" ",K12=" ",L12=" ",M12=" "),PROPER(N12),N12) | O13: =IF(AND(I12=" ",J12=" ",K12=" ",L12=" ",M12=" ",N12=" "),PROPER(O12),O12) | P13: =P12 | Q13: =IF(AND(I12=" ",J12=" ",K12=" ",L12=" ",M12=" ",N12=" ",O12=" ",P12=" "),PROPER(Q12),Q12) | R13: =R12 | S13: =IF(AND(I12=" ",J12=" ",K12=" ",L12=" ",M12=" ",N12=" ",O12=" ",P12=" ",Q12=" ",R12=" "),PROPER(S12),S12) | T13: =IF(AND(I12=" ",J12=" ",K12=" ",L12=" ",M12=" ",N12=" ",O12=" ",P12=" ",Q12=" ",R12=" ",S12=" "),PROPER(T12),T12) -> Bir | U13: =U12 -> min | V13: =IF(AND(I12=" ",J12=" ",K12=" ",L12=" ",M12=" ",N12=" ",O12=" ",P12=" ",Q12=" ",R12=" ",S12=" ",T12=" ",U12=" "),PROPER(V12),V12) -> iki | W13: =W12 -> yüz | X13: =IF(AND(I12=" ",J12=" ",K12=" ",L12=" ",M12=" ",N12=" ",O12=" ",P12=" ",Q12=" ",R12=" ",S12=" ",T12=" ",U12=" ",V12=" ",W12=" "),PROPER(X12),X12) -> yetmiş | Y13: =IF(AND(I12=" ",J12=" ",K12=" ",L12=" ",M12=" ",N12=" ",O12=" ",P12=" ",Q12=" ",R12=" ",S12=" ",T12=" ",U12=" ",V12=" ",W12=" ",X12=" "),PROPER(Y12),Y12) -> iki | Z13: =IF(AND(J12=" ",K12=" ",L12=" ",M12=" ",N12=" ",O12=" ",P12=" ",Q12=" ",R12=" ",S12=" ",T12=" ",U12=" ",V12=" ",W12=" ",X12=" ",Y12=" "),PROPER(Z12),Z12) | AA13: =IF(AND(K12=" ",L12=" ",M12=" ",N12=" ",O12=" ",P12=" ",Q12=" ",R12=" ",S12=" ",T12=" ",U12=" ",V12=" ",W12=" ",X12=" ",Y12=" ",Z12=" "),PROPER(AA12),AA12)
A14: C1. Valyuta növü: AZN | I14: =TRIM(I13&J13&K13&L13&M13&N13&O13&P13&Q13&R13&S13&T13&U13&V13&W13&X13&Y13& " manat" ) -> Bir min iki yüz yetmiş iki manat
A15: C2. Köçürülən | I15: =TRIM(Z11&AA11& " qəpik" ) -> 00 qəpik
A16: Məbləğ rəqəmlə: | B16: =Data!C74 -> 1272 | I16: =CONCATENATE(I14," ",I15) -> Bir min iki yüz yetmiş iki manat 00 qəpik
A17: Məbləğ yazı ilə: | B17: =I16 -> Bir min iki yüz yetmiş iki manat 00 qəpik
A18: D1. Ödənişin təyinatı və əsas: | C18: =KR!M5 -> 45768 | D18: tarixli | F18: kredit müqaviləsi № | G18: =Data!I5 -> 04/2078-25
A19: D2.: Ödənişlə əlaqədar
A20: Əlavə informasiya: | C20: =C18 -> 45768 | D20: tarixli | F20: kredit müqaviləsi № | G20: =G18 -> 04/2078-25
A21: Müştərinin imzaları | C21: 1. | Q21: Z13&AA13& " qəpik"
C22: 2.
A23: M.Y.
A24: Bankın imzaları: | C24: 1.
C25: 2.
A26: M.Y.
E28: İcra qeydi:
A30: Vəsaitin qeyd olunan rekvizitlər üzrə köçürülməsini öz imza və möhürümüzlə təsdiq edirik.

Sheet Məxaric
B1: “Zaminbank”АSC-nin “Bakı” filialı
B2: VÖEN 1400009111 | J2: FormaN-1
E4: XƏZİNƏ MƏXARİC ORDERİ | I4: №____________
F6: Gün | G6: Ay | H6: il
F7: 20 avqust 2014-cü il
E10: Korrespondent hesab, | G10: Analitik uçotun şifri | I10: Məbləğ | J10: Məqsədli
E11: subhesab | J11: təyinatın şifri
E12: =#REF! -> #REF! | I12: =Data!C74 -> 1272
D13: =Data!F65 -> 0
B15: Verilsin | C15: =Data!C23 -> Yunusov Vüqar Fikrət oğlu
E16: (Soyadı,adı,atasının adı)
B17: Əsas | C17: Kreditin verilməsi
C18: =Лист1!B3 -> (bir min iki yüz yetmiş (Iki ) Manat
G19: (yazı ilə məbləğ)
F21: =I12 -> 1272 | H21: AZN
B24: Bankın müdiri | H24: Baş mühasib
B25: Aldı | C25: =C18 -> (bir min iki yüz yetmiş (Iki ) Manat | I25: AZN
E26: (yazı ilə məbləğ)
C27: =F7 -> 20 avqust 2014-cü il | I27: İmza______________
C28: AZE N 06401529 ;Suraxanı RPİ 10,07,2009 | D28: AZE N | E28: =Data!D21 -> 0 | F28: =Data!C27 -> Asan4 | H28: =Data!E21 -> 29.10.2023
D29: 0
B30: Verib xəzinədar_________________
L55: qəp

Sheet Xidmət h
C2: Nağd ödəniş üçün
C3: ELAN № | F3: 1300480591
C4: =Data!E5 -> 45768
E6: Bu hesaba | F6: =KR!#REF! -> #REF!
A7: Kimdən: Fərzəlizadə Fuad Teymur oğlu | B7: =Data!C23 -> Yunusov Vüqar Fikrət oğlu | E7: köçürmək üçün №
F8: AZN
F9: =KR!#REF! -> #REF!
A10: Alanın bankı: "Zaminbank" ASC-nin 6 saylı şöbəsi | F10: rəqəmlə məbləğ
A11: Кimə: Süleymanova Aysel Namiq qızı | B11: İDEAL KREDİT BOKT
A13: Məbləğ yazı ilə: | B13: altı yüz on manat
A14: Ödənişin təyinatı: Kreditin xidmət haqqısı
A17: Ödəyənin imzası | E17: Mühasib
E18: Pulu qəbul edən xəzinədar
C21: QƏBZ №
F22: 1300480591
C23: =C4 -> 45768
A25: =A7 -> Kimdən: Fərzəlizadə Fuad Teymur oğlu | B25: =B7 -> Yunusov Vüqar Fikrət oğlu | E25: Bu hesaba | F25: =F6 -> #REF!
E26: köçürmək üçün №
F27: =F8 -> AZN
A28: =A10 -> Alanın bankı: "Zaminbank" ASC-nin 6 saylı şöbəsi | F28: =F9 -> #REF!
A29: =A11 -> Кimə: Süleymanova Aysel Namiq qızı | B29: =B11 -> İDEAL KREDİT BOKT | F29: =F10 -> rəqəmlə məbləğ
A32: =A13 -> Məbləğ yazı ilə: | B32: =B13 -> altı yüz on manat
A33: =A14 -> Ödənişin təyinatı: Kreditin xidmət haqqısı
A36: Ödəyənin imzası | E36: Mühasib
E37: Pulu qəbul edən xəzinədar
C40: ОRDER №
F41: 1300480591
C42: =C4 -> 45768
A44: =A7 -> Kimdən: Fərzəlizadə Fuad Teymur oğlu | B44: =B25 -> Yunusov Vüqar Fikrət oğlu | E44: Debet | F44: Məbləğ
E45: hes. № 1001 | F45: =F9 -> #REF!
F46: =F8 -> AZN
E47: Kredit | F47: Ümumi
A48: Аlanın bankı: "Zaminbank" ASC-nin 6 saylı şöbəsi | F48: fərdi | G48: kod
E49: =F6 -> #REF!
A50: =A11 -> Кimə: Süleymanova Aysel Namiq qızı | B50: =B11 -> İDEAL KREDİT BOKT
A52: =A14 -> Ödənişin təyinatı: Kreditin xidmət haqqısı | G52: əməl. növü
G53: ödən.təyin
G54: bank qr. №-si
A55: Mühasib | C55: Xəzinədar

Sheet Sığorta
C2: Nağd ödəniş üçün
C3: ELAN № | F3: 1300480591
C4: =Data!E5 -> 45768
E6: Bu hesaba | F6: AZ36ZAMI00041537081AZMC00001
A7: Kimdən: Fərzəlizadə Fuad Teymur oğlu | B7: =Data!C23 -> Yunusov Vüqar Fikrət oğlu | E7: köçürmək üçün №
F8: AZN
F9: 30
A10: Alanın bankı: "Zaminbank" ASC-yə | F10: rəqəmlə məbləğ
A11: Кimə: Süleymanova Aysel Namiq qızı | B11: "Paşa-Həyat" sığortaya
A13: Məbləğ yazı ilə: | B13: Otuz manat
A14: Ödənişin təyinatı: Kreditin sığorta haqqısı
A17: Ödəyənin imzası | E17: Mühasib
E18: Pulu qəbul edən xəzinədar
C21: QƏBZ №
F22: 1300480591
C23: =C4 -> 45768
A25: =A7 -> Kimdən: Fərzəlizadə Fuad Teymur oğlu | B25: =B7 -> Yunusov Vüqar Fikrət oğlu | E25: Bu hesaba | F25: =F6 -> AZ36ZAMI00041537081AZMC00001
E26: köçürmək üçün №
F27: =F8 -> AZN
A28: =A10 -> Alanın bankı: "Zaminbank" ASC-yə | F28: =F9 -> 30
A29: =A11 -> Кimə: Süleymanova Aysel Namiq qızı | B29: =B11 -> "Paşa-Həyat" sığortaya | F29: =F10 -> rəqəmlə məbləğ
A32: =A13 -> Məbləğ yazı ilə: | B32: =B13 -> Otuz manat
A33: =A14 -> Ödənişin təyinatı: Kreditin sığorta haqqısı
A36: Ödəyənin imzası | E36: Mühasib
E37: Pulu qəbul edən xəzinədar
C40: ОRDER №
F41: 1300480591
C42: =C4 -> 45768
A44: =A7 -> Kimdən: Fərzəlizadə Fuad Teymur oğlu | B44: =B25 -> Yunusov Vüqar Fikrət oğlu | E44: Debet | F44: Məbləğ
E45: hes. № 1001 | F45: =F9 -> 30
F46: =F8 -> AZN
E47: Kredit | F47: Ümumi
A48: =A10 -> Alanın bankı: "Zaminbank" ASC-yə | F48: fərdi | G48: kod
E49: =F6 -> AZ36ZAMI00041537081AZMC00001
A50: =A11 -> Кimə: Süleymanova Aysel Namiq qızı | B50: =B11 -> "Paşa-Həyat" sığortaya
A52: =A14 -> Ödənişin təyinatı: Kreditin sığorta haqqısı | G52: əməl. növü
G53: ödən.təyin
G54: bank qr. №-si
A55: Mühasib | C55: Xəzinədar

Sheet İmza n-2
G3: =Data!F63 -> 0
B7: =Data!C23 -> Yunusov Vüqar Fikrət oğlu
D29: 16 Mart 2011

Sheet İmza n-1
C5: =Data!C23 -> Yunusov Vüqar Fikrət oğlu
H7: 16 Mart 2011
D8: =Data!C21 -> AA5512135 | E8: =Data!D21 -> 0
B10: =Data!E21 -> 29.10.2023 | D10: =Data!C27 -> Asan4
B13: =Data!C29 -> NEFTÇALA RAYONU, XOL QARABUCAQ Ə/D, DÖRDLƏR KƏNDİ

Sheet Formula 2
A1: MEBEL | Z1: İşlədiyimiz faiz dərəcələri
A2: Say | B2: Borcalanın adı | C2: Tarix | D2: Rəsmi/Qeyri rəsmi | E2: Kredit məbləği | F2: Nağdlaşdırma xərci çıxılmaqla | G2: Müddət | H2: 3 | I2: 6 | J2: 9 | K2: 12 | L2: 15 | M2: 18 | N2: 21 | O2: 24 | P2: Çıxılacaq % | Q2: Komissiya | R2: Kart xərci | S2: Bank xidmət haqqı %-lə | V2: Karta gedən məbləğ | W2: Köçürülmə tarixi | X2: Kart nömrəsi | Z2: Müddət | AA2: Rəsmi | AB2: Qeyri rəsmi
A3: 1 | D3: Rəsmi gəlir | E3: =Data!C74 -> 1272 | F3: =E3-(E3*Z13) -> 1272 | G3: 3 | H3: =IF(D3="Rəsmi gəlir",AA3,IF(D3="Qeyri rəsmi gəlir",AB3)) -> 0.07 | I3: =IF(D3="Rəsmi gəlir",AA4,IF(D3="Qeyri rəsmi gəlir",AB4)) -> 0.12 | J3: =IF(D3="Rəsmi gəlir",AA5,IF(D3="Qeyri rəsmi gəlir",AB5)) -> 0.16 | K3: =IF(D3="Rəsmi gəlir",AA6,IF(D3="Qeyri rəsmi gəlir",AB6)) -> 0.2 | L3: =IF(D3="Rəsmi gəlir",AA7,IF(D3="Qeyri rəsmi gəlir",AB7)) -> 0.23 | M3: =IF(D3="Rəsmi gəlir",AA8,IF(D3="Qeyri rəsmi gəlir",AB8)) -> 0.256 | N3: =IF(D3="Rəsmi gəlir",AA9,IF(D3="Qeyri rəsmi gəlir",AB9)) -> 0.2855 | O3: =IF(D3="Rəsmi gəlir",AA10,IF(D3="Qeyri rəsmi gəlir",AB10)) -> 0 | P3: =IF(G3="2",H3,IF(G3="3",H3,IF(G3="4",I3,IF(G3="5",I3,IF(G3="6",I3,IF(G3="7",J3,IF(G3="8",J3,IF(G3="9",J3,IF(G3="10",K3,IF(G3="11",K3,IF(G3="12",K3,IF(G3="13",L3,IF(G3="14",L3,IF(G3="15",L3,IF(G3="16",M3,IF(G3="17",M3,IF(G3="18",M3,IF(G3="19",N3,IF(G3="20",N3,IF(G3="21",N3,IF(G3="22",O3,IF(G3="23",O3,IF(G3="24",O3))))))))))))))))))))))) -> 0.07 | Q3: =F3*P3 -> 89.04 | R3: =IF(Q3<=0,"-",IF(Q3>0,5)) -> 5 | T3: =U3*S3 -> 0 | U3: =F3-(F3*P3)-R3 -> 1177.96 | V3: =U3-T3 -> 1177.96 | Z3: 3 ayadək | AA3: =Data!C140/100 -> 0.07
A4: 2 | D4: Rəsmi gəlir | F4: =E4-(E4*Z13) -> 0 | H4: =IF(D4="Rəsmi gəlir",AA3,IF(D4="Qeyri rəsmi gəlir",AB3)) -> 0.07 | I4: =IF(D4="Rəsmi gəlir",AA4,IF(D4="Qeyri rəsmi gəlir",AB4)) -> 0.12 | J4: =IF(D4="Rəsmi gəlir",AA5,IF(D4="Qeyri rəsmi gəlir",AB5)) -> 0.16 | K4: =IF(D4="Rəsmi gəlir",AA6,IF(D4="Qeyri rəsmi gəlir",AB6)) -> 0.2 | L4: =IF(D4="Rəsmi gəlir",AA7,IF(D4="Qeyri rəsmi gəlir",AB7)) -> 0.23 | M4: =IF(D4="Rəsmi gəlir",AA8,IF(D4="Qeyri rəsmi gəlir",AB8)) -> 0.256 | N4: =IF(D4="Rəsmi gəlir",AA9,IF(D4="Qeyri rəsmi gəlir",AB9)) -> 0.2855 | O4: =IF(D4="Rəsmi gəlir",AA10,IF(D4="Qeyri rəsmi gəlir",AB10)) -> 0 | P4: =IF(G4="2",H4,IF(G4="3",H4,IF(G4="4",I4,IF(G4="5",I4,IF(G4="6",I4,IF(G4="7",J4,IF(G4="8",J4,IF(G4="9",J4,IF(G4="10",K4,IF(G4="11",K4,IF(G4="12",K4,IF(G4="13",L4,IF(G4="14",L4,IF(G4="15",L4,IF(G4="16",M4,IF(G4="17",M4,IF(G4="18",M4,IF(G4="19",N4,IF(G4="20",N4,IF(G4="21",N4,IF(G4="22",O4,IF(G4="23",O4,IF(G4="24",O4))))))))))))))))))))))) -> FALSE | Q4: =F4*P4 -> 0 | R4: =IF(Q4<=0,"-",IF(Q4>0,9)) -> - | T4: =U4*S4 -> #VALUE! | U4: =F4-(F4*P4)-R4 -> #VALUE! | V4: =U4-T4 -> #VALUE! | Z4: 6 ayadək | AA4: =Data!C142/100 -> 0.12
A5: 3 | D5: Rəsmi gəlir | F5: =E5-(E5*Z13) -> 0 | H5: =IF(D5="Rəsmi gəlir",AA3,IF(D5="Qeyri rəsmi gəlir",AB3)) -> 0.07 | I5: =IF(D5="Rəsmi gəlir",AA4,IF(D5="Qeyri rəsmi gəlir",AB4)) -> 0.12 | J5: =IF(D5="Rəsmi gəlir",AA5,IF(D5="Qeyri rəsmi gəlir",AB5)) -> 0.16 | K5: =IF(D5="Rəsmi gəlir",AA6,IF(D5="Qeyri rəsmi gəlir",AB6)) -> 0.2 | L5: =IF(D5="Rəsmi gəlir",AA7,IF(D5="Qeyri rəsmi gəlir",AB7)) -> 0.23 | M5: =IF(D5="Rəsmi gəlir",AA8,IF(D5="Qeyri rəsmi gəlir",AB8)) -> 0.256 | N5: =IF(D5="Rəsmi gəlir",AA9,IF(D5="Qeyri rəsmi gəlir",AB9)) -> 0.2855 | O5: =IF(D5="Rəsmi gəlir",AA10,IF(D5="Qeyri rəsmi gəlir",AB10)) -> 0 | P5: =IF(G5="2",H5,IF(G5="3",H5,IF(G5="4",I5,IF(G5="5",I5,IF(G5="6",I5,IF(G5="7",J5,IF(G5="8",J5,IF(G5="9",J5,IF(G5="10",K5,IF(G5="11",K5,IF(G5="12",K5,IF(G5="13",L5,IF(G5="14",L5,IF(G5="15",L5,IF(G5="16",M5,IF(G5="17",M5,IF(G5="18",M5,IF(G5="19",N5,IF(G5="20",N5,IF(G5="21",N5,IF(G5="22",O5,IF(G5="23",O5,IF(G5="24",O5))))))))))))))))))))))) -> FALSE | Q5: =F5*P5 -> 0 | R5: =IF(Q5<=0,"-",IF(Q5>0,9)) -> - | T5: =U5*S5 -> #VALUE! | U5: =F5-(F5*P5)-R5 -> #VALUE! | V5: =U5-T5 -> #VALUE! | Z5: 9 ayadək | AA5: =Data!C144/100 -> 0.16
A6: 4 | D6: Rəsmi gəlir | F6: =E6-(E6*Z13) -> 0 | H6: =IF(D6="Rəsmi gəlir",AA3,IF(D6="Qeyri rəsmi gəlir",AB3)) -> 0.07 | I6: =IF(D6="Rəsmi gəlir",AA4,IF(D6="Qeyri rəsmi gəlir",AB4)) -> 0.12 | J6: =IF(D6="Rəsmi gəlir",AA5,IF(D6="Qeyri rəsmi gəlir",AB5)) -> 0.16 | K6: =IF(D6="Rəsmi gəlir",AA6,IF(D6="Qeyri rəsmi gəlir",AB6)) -> 0.2 | L6: =IF(D6="Rəsmi gəlir",AA7,IF(D6="Qeyri rəsmi gəlir",AB7)) -> 0.23 | M6: =IF(D6="Rəsmi gəlir",AA8,IF(D6="Qeyri rəsmi gəlir",AB8)) -> 0.256 | N6: =IF(D6="Rəsmi gəlir",AA9,IF(D6="Qeyri rəsmi gəlir",AB9)) -> 0.2855 | O6: =IF(D6="Rəsmi gəlir",AA10,IF(D6="Qeyri rəsmi gəlir",AB10)) -> 0 | P6: =IF(G6="2",H6,IF(G6="3",H6,IF(G6="4",I6,IF(G6="5",I6,IF(G6="6",I6,IF(G6="7",J6,IF(G6="8",J6,IF(G6="9",J6,IF(G6="10",K6,IF(G6="11",K6,IF(G6="12",K6,IF(G6="13",L6,IF(G6="14",L6,IF(G6="15",L6,IF(G6="16",M6,IF(G6="17",M6,IF(G6="18",M6,IF(G6="19",N6,IF(G6="20",N6,IF(G6="21",N6,IF(G6="22",O6,IF(G6="23",O6,IF(G6="24",O6))))))))))))))))))))))) -> FALSE | Q6: =F6*P6 -> 0 | R6: =IF(Q6<=0,"-",IF(Q6>0,9)) -> - | T6: =U6*S6 -> #VALUE! | U6: =F6-(F6*P6)-R6 -> #VALUE! | V6: =U6-T6 -> #VALUE! | Z6: 12 ayadək | AA6: =Data!C146/100 -> 0.2
A7: 5 | D7: Rəsmi gəlir | F7: =E7-(E7*Z13) -> 0 | H7: =IF(D7="Rəsmi gəlir",AA3,IF(D7="Qeyri rəsmi gəlir",AB3)) -> 0.07 | I7: =IF(D7="Rəsmi gəlir",AA4,IF(D7="Qeyri rəsmi gəlir",AB4)) -> 0.12 | J7: =IF(D7="Rəsmi gəlir",AA5,IF(D7="Qeyri rəsmi gəlir",AB5)) -> 0.16 | K7: =IF(D7="Rəsmi gəlir",AA6,IF(D7="Qeyri rəsmi gəlir",AB6)) -> 0.2 | L7: =IF(D7="Rəsmi gəlir",AA7,IF(D7="Qeyri rəsmi gəlir",AB7)) -> 0.23 | M7: =IF(D7="Rəsmi gəlir",AA8,IF(D7="Qeyri rəsmi gəlir",AB8)) -> 0.256 | N7: =IF(D7="Rəsmi gəlir",AA9,IF(D7="Qeyri rəsmi gəlir",AB9)) -> 0.2855 | O7: =IF(D7="Rəsmi gəlir",AA10,IF(D7="Qeyri rəsmi gəlir",AB10)) -> 0 | P7: =IF(G7="2",H7,IF(G7="3",H7,IF(G7="4",I7,IF(G7="5",I7,IF(G7="6",I7,IF(G7="7",J7,IF(G7="8",J7,IF(G7="9",J7,IF(G7="10",K7,IF(G7="11",K7,IF(G7="12",K7,IF(G7="13",L7,IF(G7="14",L7,IF(G7="15",L7,IF(G7="16",M7,IF(G7="17",M7,IF(G7="18",M7,IF(G7="19",N7,IF(G7="20",N7,IF(G7="21",N7,IF(G7="22",O7,IF(G7="23",O7,IF(G7="24",O7))))))))))))))))))))))) -> FALSE | Q7: =F7*P7 -> 0 | R7: =IF(Q7<=0,"-",IF(Q7>0,9)) -> - | T7: =U7*S7 -> #VALUE! | U7: =F7-(F7*P7)-R7 -> #VALUE! | V7: =U7-T7 -> #VALUE! | Z7: 15 ayadək | AA7: =Data!C148/100 -> 0.23
A8: 6 | D8: Rəsmi gəlir | F8: =E8-(E8*Z13) -> 0 | H8: =IF(D8="Rəsmi gəlir",AA3,IF(D8="Qeyri rəsmi gəlir",AB3)) -> 0.07 | I8: =IF(D8="Rəsmi gəlir",AA4,IF(D8="Qeyri rəsmi gəlir",AB4)) -> 0.12 | J8: =IF(D8="Rəsmi gəlir",AA5,IF(D8="Qeyri rəsmi gəlir",AB5)) -> 0.16 | K8: =IF(D8="Rəsmi gəlir",AA6,IF(D8="Qeyri rəsmi gəlir",AB6)) -> 0.2 | L8: =IF(D8="Rəsmi gəlir",AA7,IF(D8="Qeyri rəsmi gəlir",AB7)) -> 0.23 | M8: =IF(D8="Rəsmi gəlir",AA8,IF(D8="Qeyri rəsmi gəlir",AB8)) -> 0.256 | N8: =IF(D8="Rəsmi gəlir",AA9,IF(D8="Qeyri rəsmi gəlir",AB9)) -> 0.2855 | O8: =IF(D8="Rəsmi gəlir",AA10,IF(D8="Qeyri rəsmi gəlir",AB10)) -> 0 | P8: =IF(G8="2",H8,IF(G8="3",H8,IF(G8="4",I8,IF(G8="5",I8,IF(G8="6",I8,IF(G8="7",J8,IF(G8="8",J8,IF(G8="9",J8,IF(G8="10",K8,IF(G8="11",K8,IF(G8="12",K8,IF(G8="13",L8,IF(G8="14",L8,IF(G8="15",L8,IF(G8="16",M8,IF(G8="17",M8,IF(G8="18",M8,IF(G8="19",N8,IF(G8="20",N8,IF(G8="21",N8,IF(G8="22",O8,IF(G8="23",O8,IF(G8="24",O8))))))))))))))))))))))) -> FALSE | Q8: =F8*P8 -> 0 | R8: =IF(Q8<=0,"-",IF(Q8>0,9)) -> - | T8: =U8*S8 -> #VALUE! | U8: =F8-(F8*P8)-R8 -> #VALUE! | V8: =U8-T8 -> #VALUE! | Z8: 18 ayadək | AA8: =Data!F140/100 -> 0.256
A9: 7 | B9: ` | D9: Rəsmi gəlir | F9: =E9-(E9*Z13) -> 0 | H9: =IF(D9="Rəsmi gəlir",AA3,IF(D9="Qeyri rəsmi gəlir",AB3)) -> 0.07 | I9: =IF(D9="Rəsmi gəlir",AA4,IF(D9="Qeyri rəsmi gəlir",AB4)) -> 0.12 | J9: =IF(D9="Rəsmi gəlir",AA5,IF(D9="Qeyri rəsmi gəlir",AB5)) -> 0.16 | K9: =IF(D9="Rəsmi gəlir",AA6,IF(D9="Qeyri rəsmi gəlir",AB6)) -> 0.2 | L9: =IF(D9="Rəsmi gəlir",AA7,IF(D9="Qeyri rəsmi gəlir",AB7)) -> 0.23 | M9: =IF(D9="Rəsmi gəlir",AA8,IF(D9="Qeyri rəsmi gəlir",AB8)) -> 0.256 | N9: =IF(D9="Rəsmi gəlir",AA9,IF(D9="Qeyri rəsmi gəlir",AB9)) -> 0.2855 | O9: =IF(D9="Rəsmi gəlir",AA10,IF(D9="Qeyri rəsmi gəlir",AB10)) -> 0 | P9: =IF(G9="2",H9,IF(G9="3",H9,IF(G9="4",I9,IF(G9="5",I9,IF(G9="6",I9,IF(G9="7",J9,IF(G9="8",J9,IF(G9="9",J9,IF(G9="10",K9,IF(G9="11",K9,IF(G9="12",K9,IF(G9="13",L9,IF(G9="14",L9,IF(G9="15",L9,IF(G9="16",M9,IF(G9="17",M9,IF(G9="18",M9,IF(G9="19",N9,IF(G9="20",N9,IF(G9="21",N9,IF(G9="22",O9,IF(G9="23",O9,IF(G9="24",O9))))))))))))))))))))))) -> FALSE | Q9: =F9*P9 -> 0 | R9: =IF(Q9<=0,"-",IF(Q9>0,9)) -> - | T9: =U9*S9 -> #VALUE! | U9: =F9-(F9*P9)-R9 -> #VALUE! | V9: =U9-T9 -> #VALUE! | Z9: 24 ayadək | AA9: =Data!F142/100 -> 0.2855
A10: 8 | D10: Rəsmi gəlir | F10: =E10-(E10*Z13) -> 0 | H10: =IF(D10="Rəsmi gəlir",AA3,IF(D10="Qeyri rəsmi gəlir",AB3)) -> 0.07 | I10: =IF(D10="Rəsmi gəlir",AA4,IF(D10="Qeyri rəsmi gəlir",AB4)) -> 0.12 | J10: =IF(D10="Rəsmi gəlir",AA5,IF(D10="Qeyri rəsmi gəlir",AB5)) -> 0.16 | K10: =IF(D10="Rəsmi gəlir",AA6,IF(D10="Qeyri rəsmi gəlir",AB6)) -> 0.2 | L10: =IF(D10="Rəsmi gəlir",AA7,IF(D10="Qeyri rəsmi gəlir",AB7)) -> 0.23 | M10: =IF(D10="Rəsmi gəlir",AA8,IF(D10="Qeyri rəsmi gəlir",AB8)) -> 0.256 | N10: =IF(D10="Rəsmi gəlir",AA9,IF(D10="Qeyri rəsmi gəlir",AB9)) -> 0.2855 | O10: =IF(D10="Rəsmi gəlir",AA10,IF(D10="Qeyri rəsmi gəlir",AB10)) -> 0 | P10: =IF(G10="2",H10,IF(G10="3",H10,IF(G10="4",I10,IF(G10="5",I10,IF(G10="6",I10,IF(G10="7",J10,IF(G10="8",J10,IF(G10="9",J10,IF(G10="10",K10,IF(G10="11",K10,IF(G10="12",K10,IF(G10="13",L10,IF(G10="14",L10,IF(G10="15",L10,IF(G10="16",M10,IF(G10="17",M10,IF(G10="18",M10,IF(G10="19",N10,IF(G10="20",N10,IF(G10="21",N10,IF(G10="22",O10,IF(G10="23",O10,IF(G10="24",O10))))))))))))))))))))))) -> FALSE | Q10: =F10*P10 -> 0 | R10: =IF(Q10<=0,"-",IF(Q10>0,9)) -> - | T10: =U10*S10 -> #VALUE! | U10: =F10-(F10*P10)-R10 -> #VALUE! | V10: =U10-T10 -> #VALUE! | Z10: 30 ayadək | AA10: =Data!F144/100 -> 0
A11: 9 | D11: Rəsmi gəlir | F11: =E11-(E11*Z13) -> 0 | H11: =IF(D11="Rəsmi gəlir",AA3,IF(D11="Qeyri rəsmi gəlir",AB3)) -> 0.07 | I11: =IF(D11="Rəsmi gəlir",AA4,IF(D11="Qeyri rəsmi gəlir",AB4)) -> 0.12 | J11: =IF(D11="Rəsmi gəlir",AA5,IF(D11="Qeyri rəsmi gəlir",AB5)) -> 0.16 | K11: =IF(D11="Rəsmi gəlir",AA6,IF(D11="Qeyri rəsmi gəlir",AB6)) -> 0.2 | L11: =IF(D11="Rəsmi gəlir",AA7,IF(D11="Qeyri rəsmi gəlir",AB7)) -> 0.23 | M11: =IF(D11="Rəsmi gəlir",AA8,IF(D11="Qeyri rəsmi gəlir",AB8)) -> 0.256 | N11: =IF(D11="Rəsmi gəlir",AA9,IF(D11="Qeyri rəsmi gəlir",AB9)) -> 0.2855 | O11: =IF(D11="Rəsmi gəlir",AA10,IF(D11="Qeyri rəsmi gəlir",AB10)) -> 0 | P11: =IF(G11="2",H11,IF(G11="3",H11,IF(G11="4",I11,IF(G11="5",I11,IF(G11="6",I11,IF(G11="7",J11,IF(G11="8",J11,IF(G11="9",J11,IF(G11="10",K11,IF(G11="11",K11,IF(G11="12",K11,IF(G11="13",L11,IF(G11="14",L11,IF(G11="15",L11,IF(G11="16",M11,IF(G11="17",M11,IF(G11="18",M11,IF(G11="19",N11,IF(G11="20",N11,IF(G11="21",N11,IF(G11="22",O11,IF(G11="23",O11,IF(G11="24",O11))))))))))))))))))))))) -> FALSE | Q11: =F11*P11 -> 0 | R11: =IF(Q11<=0,"-",IF(Q11>0,9)) -> - | T11: =U11*S11 -> #VALUE! | U11: =F11-(F11*P11)-R11 -> #VALUE! | V11: =U11-T11 -> #VALUE!
A12: 10 | D12: Rəsmi gəlir | F12: =E12-(E12*Z13) -> 0 | H12: =IF(D12="Rəsmi gəlir",AA3,IF(D12="Qeyri rəsmi gəlir",AB3)) -> 0.07 | I12: =IF(D12="Rəsmi gəlir",AA4,IF(D12="Qeyri rəsmi gəlir",AB4)) -> 0.12 | J12: =IF(D12="Rəsmi gəlir",AA5,IF(D12="Qeyri rəsmi gəlir",AB5)) -> 0.16 | K12: =IF(D12="Rəsmi gəlir",AA6,IF(D12="Qeyri rəsmi gəlir",AB6)) -> 0.2 | L12: =IF(D12="Rəsmi gəlir",AA7,IF(D12="Qeyri rəsmi gəlir",AB7)) -> 0.23 | M12: =IF(D12="Rəsmi gəlir",AA8,IF(D12="Qeyri rəsmi gəlir",AB8)) -> 0.256 | N12: =IF(D12="Rəsmi gəlir",AA9,IF(D12="Qeyri rəsmi gəlir",AB9)) -> 0.2855 | O12: =IF(D12="Rəsmi gəlir",AA10,IF(D12="Qeyri rəsmi gəlir",AB10)) -> 0 | P12: =IF(G12="2",H12,IF(G12="3",H12,IF(G12="4",I12,IF(G12="5",I12,IF(G12="6",I12,IF(G12="7",J12,IF(G12="8",J12,IF(G12="9",J12,IF(G12="10",K12,IF(G12="11",K12,IF(G12="12",K12,IF(G12="13",L12,IF(G12="14",L12,IF(G12="15",L12,IF(G12="16",M12,IF(G12="17",M12,IF(G12="18",M12,IF(G12="19",N12,IF(G12="20",N12,IF(G12="21",N12,IF(G12="22",O12,IF(G12="23",O12,IF(G12="24",O12))))))))))))))))))))))) -> FALSE | Q12: =F12*P12 -> 0 | R12: =IF(Q12<=0,"-",IF(Q12>0,9)) -> - | T12: =U12*S12 -> #VALUE! | U12: =F12-(F12*P12)-R12 -> #VALUE! | V12: =U12-T12 -> #VALUE! | Z12: Nağdlaşdırma %-i
A13: 11 | D13: Rəsmi gəlir | F13: =E13-(E13*Z13) -> 0 | H13: =IF(D13="Rəsmi gəlir",AA3,IF(D13="Qeyri rəsmi gəlir",AB3)) -> 0.07 | I13: =IF(D13="Rəsmi gəlir",AA4,IF(D13="Qeyri rəsmi gəlir",AB4)) -> 0.12 | J13: =IF(D13="Rəsmi gəlir",AA5,IF(D13="Qeyri rəsmi gəlir",AB5)) -> 0.16 | K13: =IF(D13="Rəsmi gəlir",AA6,IF(D13="Qeyri rəsmi gəlir",AB6)) -> 0.2 | L13: =IF(D13="Rəsmi gəlir",AA7,IF(D13="Qeyri rəsmi gəlir",AB7)) -> 0.23 | M13: =IF(D13="Rəsmi gəlir",AA8,IF(D13="Qeyri rəsmi gəlir",AB8)) -> 0.256 | N13: =IF(D13="Rəsmi gəlir",AA9,IF(D13="Qeyri rəsmi gəlir",AB9)) -> 0.2855 | O13: =IF(D13="Rəsmi gəlir",AA10,IF(D13="Qeyri rəsmi gəlir",AB10)) -> 0 | P13: =IF(G13="2",H13,IF(G13="3",H13,IF(G13="4",I13,IF(G13="5",I13,IF(G13="6",I13,IF(G13="7",J13,IF(G13="8",J13,IF(G13="9",J13,IF(G13="10",K13,IF(G13="11",K13,IF(G13="12",K13,IF(G13="13",L13,IF(G13="14",L13,IF(G13="15",L13,IF(G13="16",M13,IF(G13="17",M13,IF(G13="18",M13,IF(G13="19",N13,IF(G13="20",N13,IF(G13="21",N13,IF(G13="22",O13,IF(G13="23",O13,IF(G13="24",O13))))))))))))))))))))))) -> FALSE | Q13: =F13*P13 -> 0 | R13: =IF(Q13<=0,"-",IF(Q13>0,9)) -> - | T13: =U13*S13 -> #VALUE! | U13: =F13-(F13*P13)-R13 -> #VALUE! | V13: =U13-T13 -> #VALUE! | Z13: 0
A14: 12 | D14: Rəsmi gəlir | F14: =E14-(E14*Z13) -> 0 | H14: =IF(D14="Rəsmi gəlir",AA3,IF(D14="Qeyri rəsmi gəlir",AB3)) -> 0.07 | I14: =IF(D14="Rəsmi gəlir",AA4,IF(D14="Qeyri rəsmi gəlir",AB4)) -> 0.12 | J14: =IF(D14="Rəsmi gəlir",AA5,IF(D14="Qeyri rəsmi gəlir",AB5)) -> 0.16 | K14: =IF(D14="Rəsmi gəlir",AA6,IF(D14="Qeyri rəsmi gəlir",AB6)) -> 0.2 | L14: =IF(D14="Rəsmi gəlir",AA7,IF(D14="Qeyri rəsmi gəlir",AB7)) -> 0.23 | M14: =IF(D14="Rəsmi gəlir",AA8,IF(D14="Qeyri rəsmi gəlir",AB8)) -> 0.256 | N14: =IF(D14="Rəsmi gəlir",AA9,IF(D14="Qeyri rəsmi gəlir",AB9)) -> 0.2855 | O14: =IF(D14="Rəsmi gəlir",AA10,IF(D14="Qeyri rəsmi gəlir",AB10)) -> 0 | P14: =IF(G14="2",H14,IF(G14="3",H14,IF(G14="4",I14,IF(G14="5",I14,IF(G14="6",I14,IF(G14="7",J14,IF(G14="8",J14,IF(G14="9",J14,IF(G14="10",K14,IF(G14="11",K14,IF(G14="12",K14,IF(G14="13",L14,IF(G14="14",L14,IF(G14="15",L14,IF(G14="16",M14,IF(G14="17",M14,IF(G14="18",M14,IF(G14="19",N14,IF(G14="20",N14,IF(G14="21",N14,IF(G14="22",O14,IF(G14="23",O14,IF(G14="24",O14))))))))))))))))))))))) -> FALSE | Q14: =F14*P14 -> 0 | R14: =IF(Q14<=0,"-",IF(Q14>0,9)) -> - | T14: =U14*S14 -> #VALUE! | U14: =F14-(F14*P14)-R14 -> #VALUE! | V14: =U14-T14 -> #VALUE!
A15: 13 | D15: Rəsmi gəlir | F15: =E15-(E15*Z13) -> 0 | H15: =IF(D15="Rəsmi gəlir",AA3,IF(D15="Qeyri rəsmi gəlir",AB3)) -> 0.07 | I15: =IF(D15="Rəsmi gəlir",AA4,IF(D15="Qeyri rəsmi gəlir",AB4)) -> 0.12 | J15: =IF(D15="Rəsmi gəlir",AA5,IF(D15="Qeyri rəsmi gəlir",AB5)) -> 0.16 | K15: =IF(D15="Rəsmi gəlir",AA6,IF(D15="Qeyri rəsmi gəlir",AB6)) -> 0.2 | L15: =IF(D15="Rəsmi gəlir",AA7,IF(D15="Qeyri rəsmi gəlir",AB7)) -> 0.23 | M15: =IF(D15="Rəsmi gəlir",AA8,IF(D15="Qeyri rəsmi gəlir",AB8)) -> 0.256 | N15: =IF(D15="Rəsmi gəlir",AA9,IF(D15="Qeyri rəsmi gəlir",AB9)) -> 0.2855 | O15: =IF(D15="Rəsmi gəlir",AA10,IF(D15="Qeyri rəsmi gəlir",AB10)) -> 0 | P15: =IF(G15="2",H15,IF(G15="3",H15,IF(G15="4",I15,IF(G15="5",I15,IF(G15="6",I15,IF(G15="7",J15,IF(G15="8",J15,IF(G15="9",J15,IF(G15="10",K15,IF(G15="11",K15,IF(G15="12",K15,IF(G15="13",L15,IF(G15="14",L15,IF(G15="15",L15,IF(G15="16",M15,IF(G15="17",M15,IF(G15="18",M15,IF(G15="19",N15,IF(G15="20",N15,IF(G15="21",N15,IF(G15="22",O15,IF(G15="23",O15,IF(G15="24",O15))))))))))))))))))))))) -> FALSE | Q15: =F15*P15 -> 0 | R15: =IF(Q15<=0,"-",IF(Q15>0,9)) -> - | T15: =U15*S15 -> #VALUE! | U15: =F15-(F15*P15)-R15 -> #VALUE! | V15: =U15-T15 -> #VALUE!
A16: 14 | D16: Rəsmi gəlir | F16: =E16-(E16*Z13) -> 0 | H16: =IF(D16="Rəsmi gəlir",AA3,IF(D16="Qeyri rəsmi gəlir",AB3)) -> 0.07 | I16: =IF(D16="Rəsmi gəlir",AA4,IF(D16="Qeyri rəsmi gəlir",AB4)) -> 0.12 | J16: =IF(D16="Rəsmi gəlir",AA5,IF(D16="Qeyri rəsmi gəlir",AB5)) -> 0.16 | K16: =IF(D16="Rəsmi gəlir",AA6,IF(D16="Qeyri rəsmi gəlir",AB6)) -> 0.2 | L16: =IF(D16="Rəsmi gəlir",AA7,IF(D16="Qeyri rəsmi gəlir",AB7)) -> 0.23 | M16: =IF(D16="Rəsmi gəlir",AA8,IF(D16="Qeyri rəsmi gəlir",AB8)) -> 0.256 | N16: =IF(D16="Rəsmi gəlir",AA9,IF(D16="Qeyri rəsmi gəlir",AB9)) -> 0.2855 | O16: =IF(D16="Rəsmi gəlir",AA10,IF(D16="Qeyri rəsmi gəlir",AB10)) -> 0 | P16: =IF(G16="2",H16,IF(G16="3",H16,IF(G16="4",I16,IF(G16="5",I16,IF(G16="6",I16,IF(G16="7",J16,IF(G16="8",J16,IF(G16="9",J16,IF(G16="10",K16,IF(G16="11",K16,IF(G16="12",K16,IF(G16="13",L16,IF(G16="14",L16,IF(G16="15",L16,IF(G16="16",M16,IF(G16="17",M16,IF(G16="18",M16,IF(G16="19",N16,IF(G16="20",N16,IF(G16="21",N16,IF(G16="22",O16,IF(G16="23",O16,IF(G16="24",O16))))))))))))))))))))))) -> FALSE | Q16: =F16*P16 -> 0 | R16: =IF(Q16<=0,"-",IF(Q16>0,9)) -> - | T16: =U16*S16 -> #VALUE! | U16: =F16-(F16*P16)-R16 -> #VALUE! | V16: =U16-T16 -> #VALUE!
A17: 15 | D17: Rəsmi gəlir | F17: =E17-(E17*Z13) -> 0 | H17: =IF(D17="Rəsmi gəlir",AA3,IF(D17="Qeyri rəsmi gəlir",AB3)) -> 0.07 | I17: =IF(D17="Rəsmi gəlir",AA4,IF(D17="Qeyri rəsmi gəlir",AB4)) -> 0.12 | J17: =IF(D17="Rəsmi gəlir",AA5,IF(D17="Qeyri rəsmi gəlir",AB5)) -> 0.16 | K17: =IF(D17="Rəsmi gəlir",AA6,IF(D17="Qeyri rəsmi gəlir",AB6)) -> 0.2 | L17: =IF(D17="Rəsmi gəlir",AA7,IF(D17="Qeyri rəsmi gəlir",AB7)) -> 0.23 | M17: =IF(D17="Rəsmi gəlir",AA8,IF(D17="Qeyri rəsmi gəlir",AB8)) -> 0.256 | N17: =IF(D17="Rəsmi gəlir",AA9,IF(D17="Qeyri rəsmi gəlir",AB9)) -> 0.2855 | O17: =IF(D17="Rəsmi gəlir",AA10,IF(D17="Qeyri rəsmi gəlir",AB10)) -> 0 | P17: =IF(G17="2",H17,IF(G17="3",H17,IF(G17="4",I17,IF(G17="5",I17,IF(G17="6",I17,IF(G17="7",J17,IF(G17="8",J17,IF(G17="9",J17,IF(G17="10",K17,IF(G17="11",K17,IF(G17="12",K17,IF(G17="13",L17,IF(G17="14",L17,IF(G17="15",L17,IF(G17="16",M17,IF(G17="17",M17,IF(G17="18",M17,IF(G17="19",N17,IF(G17="20",N17,IF(G17="21",N17,IF(G17="22",O17,IF(G17="23",O17,IF(G17="24",O17))))))))))))))))))))))) -> FALSE | Q17: =F17*P17 -> 0 | R17: =IF(Q17<=0,"-",IF(Q17>0,9)) -> - | T17: =U17*S17 -> #VALUE! | U17: =F17-(F17*P17)-R17 -> #VALUE! | V17: =U17-T17 -> #VALUE!
A18: 16 | D18: Rəsmi gəlir | F18: =E18-(E18*Z13) -> 0 | H18: =IF(D18="Rəsmi gəlir",AA3,IF(D18="Qeyri rəsmi gəlir",AB3)) -> 0.07 | I18: =IF(D18="Rəsmi gəlir",AA4,IF(D18="Qeyri rəsmi gəlir",AB4)) -> 0.12 | J18: =IF(D18="Rəsmi gəlir",AA5,IF(D18="Qeyri rəsmi gəlir",AB5)) -> 0.16 | K18: =IF(D18="Rəsmi gəlir",AA6,IF(D18="Qeyri rəsmi gəlir",AB6)) -> 0.2 | L18: =IF(D18="Rəsmi gəlir",AA7,IF(D18="Qeyri rəsmi gəlir",AB7)) -> 0.23 | M18: =IF(D18="Rəsmi gəlir",AA8,IF(D18="Qeyri rəsmi gəlir",AB8)) -> 0.256 | N18: =IF(D18="Rəsmi gəlir",AA9,IF(D18="Qeyri rəsmi gəlir",AB9)) -> 0.2855 | O18: =IF(D18="Rəsmi gəlir",AA10,IF(D18="Qeyri rəsmi gəlir",AB10)) -> 0 | P18: =IF(G18="2",H18,IF(G18="3",H18,IF(G18="4",I18,IF(G18="5",I18,IF(G18="6",I18,IF(G18="7",J18,IF(G18="8",J18,IF(G18="9",J18,IF(G18="10",K18,IF(G18="11",K18,IF(G18="12",K18,IF(G18="13",L18,IF(G18="14",L18,IF(G18="15",L18,IF(G18="16",M18,IF(G18="17",M18,IF(G18="18",M18,IF(G18="19",N18,IF(G18="20",N18,IF(G18="21",N18,IF(G18="22",O18,IF(G18="23",O18,IF(G18="24",O18))))))))))))))))))))))) -> FALSE | Q18: =F18*P18 -> 0 | R18: =IF(Q18<=0,"-",IF(Q18>0,9)) -> - | T18: =U18*S18 -> #VALUE! | U18: =F18-(F18*P18)-R18 -> #VALUE! | V18: =U18-T18 -> #VALUE!
A19: 17 | D19: Rəsmi gəlir | F19: =E19-(E19*Z13) -> 0 | H19: =IF(D19="Rəsmi gəlir",AA3,IF(D19="Qeyri rəsmi gəlir",AB3)) -> 0.07 | I19: =IF(D19="Rəsmi gəlir",AA4,IF(D19="Qeyri rəsmi gəlir",AB4)) -> 0.12 | J19: =IF(D19="Rəsmi gəlir",AA5,IF(D19="Qeyri rəsmi gəlir",AB5)) -> 0.16 | K19: =IF(D19="Rəsmi gəlir",AA6,IF(D19="Qeyri rəsmi gəlir",AB6)) -> 0.2 | L19: =IF(D19="Rəsmi gəlir",AA7,IF(D19="Qeyri rəsmi gəlir",AB7)) -> 0.23 | M19: =IF(D19="Rəsmi gəlir",AA8,IF(D19="Qeyri rəsmi gəlir",AB8)) -> 0.256 | N19: =IF(D19="Rəsmi gəlir",AA9,IF(D19="Qeyri rəsmi gəlir",AB9)) -> 0.2855 | O19: =IF(D19="Rəsmi gəlir",AA10,IF(D19="Qeyri rəsmi gəlir",AB10)) -> 0 | P19: =IF(G19="2",H19,IF(G19="3",H19,IF(G19="4",I19,IF(G19="5",I19,IF(G19="6",I19,IF(G19="7",J19,IF(G19="8",J19,IF(G19="9",J19,IF(G19="10",K19,IF(G19="11",K19,IF(G19="12",K19,IF(G19="13",L19,IF(G19="14",L19,IF(G19="15",L19,IF(G19="16",M19,IF(G19="17",M19,IF(G19="18",M19,IF(G19="19",N19,IF(G19="20",N19,IF(G19="21",N19,IF(G19="22",O19,IF(G19="23",O19,IF(G19="24",O19))))))))))))))))))))))) -> FALSE | Q19: =F19*P19 -> 0 | R19: =IF(Q19<=0,"-",IF(Q19>0,9)) -> - | T19: =U19*S19 -> #VALUE! | U19: =F19-(F19*P19)-R19 -> #VALUE! | V19: =U19-T19 -> #VALUE!
A20: 18 | D20: Rəsmi gəlir | F20: =E20-(E20*Z13) -> 0 | H20: =IF(D20="Rəsmi gəlir",AA3,IF(D20="Qeyri rəsmi gəlir",AB3)) -> 0.07 | I20: =IF(D20="Rəsmi gəlir",AA4,IF(D20="Qeyri rəsmi gəlir",AB4)) -> 0.12 | J20: =IF(D20="Rəsmi gəlir",AA5,IF(D20="Qeyri rəsmi gəlir",AB5)) -> 0.16 | K20: =IF(D20="Rəsmi gəlir",AA6,IF(D20="Qeyri rəsmi gəlir",AB6)) -> 0.2 | L20: =IF(D20="Rəsmi gəlir",AA7,IF(D20="Qeyri rəsmi gəlir",AB7)) -> 0.23 | M20: =IF(D20="Rəsmi gəlir",AA8,IF(D20="Qeyri rəsmi gəlir",AB8)) -> 0.256 | N20: =IF(D20="Rəsmi gəlir",AA9,IF(D20="Qeyri rəsmi gəlir",AB9)) -> 0.2855 | O20: =IF(D20="Rəsmi gəlir",AA10,IF(D20="Qeyri rəsmi gəlir",AB10)) -> 0 | P20: =IF(G20="2",H20,IF(G20="3",H20,IF(G20="4",I20,IF(G20="5",I20,IF(G20="6",I20,IF(G20="7",J20,IF(G20="8",J20,IF(G20="9",J20,IF(G20="10",K20,IF(G20="11",K20,IF(G20="12",K20,IF(G20="13",L20,IF(G20="14",L20,IF(G20="15",L20,IF(G20="16",M20,IF(G20="17",M20,IF(G20="18",M20,IF(G20="19",N20,IF(G20="20",N20,IF(G20="21",N20,IF(G20="22",O20,IF(G20="23",O20,IF(G20="24",O20))))))))))))))))))))))) -> FALSE | Q20: =F20*P20 -> 0 | R20: =IF(Q20<=0,"-",IF(Q20>0,9)) -> - | T20: =U20*S20 -> #VALUE! | U20: =F20-(F20*P20)-R20 -> #VALUE! | V20: =U20-T20 -> #VALUE!
A21: 19 | D21: Rəsmi gəlir | F21: =E21-(E21*Z13) -> 0 | H21: =IF(D21="Rəsmi gəlir",AA3,IF(D21="Qeyri rəsmi gəlir",AB3)) -> 0.07 | I21: =IF(D21="Rəsmi gəlir",AA4,IF(D21="Qeyri rəsmi gəlir",AB4)) -> 0.12 | J21: =IF(D21="Rəsmi gəlir",AA5,IF(D21="Qeyri rəsmi gəlir",AB5)) -> 0.16 | K21: =IF(D21="Rəsmi gəlir",AA6,IF(D21="Qeyri rəsmi gəlir",AB6)) -> 0.2 | L21: =IF(D21="Rəsmi gəlir",AA7,IF(D21="Qeyri rəsmi gəlir",AB7)) -> 0.23 | M21: =IF(D21="Rəsmi gəlir",AA8,IF(D21="Qeyri rəsmi gəlir",AB8)) -> 0.256 | N21: =IF(D21="Rəsmi gəlir",AA9,IF(D21="Qeyri rəsmi gəlir",AB9)) -> 0.2855 | O21: =IF(D21="Rəsmi gəlir",AA10,IF(D21="Qeyri rəsmi gəlir",AB10)) -> 0 | P21: =IF(G21="2",H21,IF(G21="3",H21,IF(G21="4",I21,IF(G21="5",I21,IF(G21="6",I21,IF(G21="7",J21,IF(G21="8",J21,IF(G21="9",J21,IF(G21="10",K21,IF(G21="11",K21,IF(G21="12",K21,IF(G21="13",L21,IF(G21="14",L21,IF(G21="15",L21,IF(G21="16",M21,IF(G21="17",M21,IF(G21="18",M21,IF(G21="19",N21,IF(G21="20",N21,IF(G21="21",N21,IF(G21="22",O21,IF(G21="23",O21,IF(G21="24",O21))))))))))))))))))))))) -> FALSE | Q21: =F21*P21 -> 0 | R21: =IF(Q21<=0,"-",IF(Q21>0,9)) -> - | T21: =U21*S21 -> #VALUE! | U21: =F21-(F21*P21)-R21 -> #VALUE! | V21: =U21-T21 -> #VALUE!
A22: 20 | D22: Rəsmi gəlir | F22: =E22-(E22*Z13) -> 0 | H22: =IF(D22="Rəsmi gəlir",AA3,IF(D22="Qeyri rəsmi gəlir",AB3)) -> 0.07 | I22: =IF(D22="Rəsmi gəlir",AA4,IF(D22="Qeyri rəsmi gəlir",AB4)) -> 0.12 | J22: =IF(D22="Rəsmi gəlir",AA5,IF(D22="Qeyri rəsmi gəlir",AB5)) -> 0.16 | K22: =IF(D22="Rəsmi gəlir",AA6,IF(D22="Qeyri rəsmi gəlir",AB6)) -> 0.2 | L22: =IF(D22="Rəsmi gəlir",AA7,IF(D22="Qeyri rəsmi gəlir",AB7)) -> 0.23 | M22: =IF(D22="Rəsmi gəlir",AA8,IF(D22="Qeyri rəsmi gəlir",AB8)) -> 0.256 | N22: =IF(D22="Rəsmi gəlir",AA9,IF(D22="Qeyri rəsmi gəlir",AB9)) -> 0.2855 | O22: =IF(D22="Rəsmi gəlir",AA10,IF(D22="Qeyri rəsmi gəlir",AB10)) -> 0 | P22: =IF(G22="2",H22,IF(G22="3",H22,IF(G22="4",I22,IF(G22="5",I22,IF(G22="6",I22,IF(G22="7",J22,IF(G22="8",J22,IF(G22="9",J22,IF(G22="10",K22,IF(G22="11",K22,IF(G22="12",K22,IF(G22="13",L22,IF(G22="14",L22,IF(G22="15",L22,IF(G22="16",M22,IF(G22="17",M22,IF(G22="18",M22,IF(G22="19",N22,IF(G22="20",N22,IF(G22="21",N22,IF(G22="22",O22,IF(G22="23",O22,IF(G22="24",O22))))))))))))))))))))))) -> FALSE | Q22: =F22*P22 -> 0 | R22: =IF(Q22<=0,"-",IF(Q22>0,9)) -> - | T22: =U22*S22 -> #VALUE! | U22: =F22-(F22*P22)-R22 -> #VALUE! | V22: =U22-T22 -> #VALUE!
A23: 21 | D23: Rəsmi gəlir | F23: =E23-(E23*Z13) -> 0 | H23: =IF(D23="Rəsmi gəlir",AA3,IF(D23="Qeyri rəsmi gəlir",AB3)) -> 0.07 | I23: =IF(D23="Rəsmi gəlir",AA4,IF(D23="Qeyri rəsmi gəlir",AB4)) -> 0.12 | J23: =IF(D23="Rəsmi gəlir",AA5,IF(D23="Qeyri rəsmi gəlir",AB5)) -> 0.16 | K23: =IF(D23="Rəsmi gəlir",AA6,IF(D23="Qeyri rəsmi gəlir",AB6)) -> 0.2 | L23: =IF(D23="Rəsmi gəlir",AA7,IF(D23="Qeyri rəsmi gəlir",AB7)) -> 0.23 | M23: =IF(D23="Rəsmi gəlir",AA8,IF(D23="Qeyri rəsmi gəlir",AB8)) -> 0.256 | N23: =IF(D23="Rəsmi gəlir",AA9,IF(D23="Qeyri rəsmi gəlir",AB9)) -> 0.2855 | O23: =IF(D23="Rəsmi gəlir",AA10,IF(D23="Qeyri rəsmi gəlir",AB10)) -> 0 | P23: =IF(G23="2",H23,IF(G23="3",H23,IF(G23="4",I23,IF(G23="5",I23,IF(G23="6",I23,IF(G23="7",J23,IF(G23="8",J23,IF(G23="9",J23,IF(G23="10",K23,IF(G23="11",K23,IF(G23="12",K23,IF(G23="13",L23,IF(G23="14",L23,IF(G23="15",L23,IF(G23="16",M23,IF(G23="17",M23,IF(G23="18",M23,IF(G23="19",N23,IF(G23="20",N23,IF(G23="21",N23,IF(G23="22",O23,IF(G23="23",O23,IF(G23="24",O23))))))))))))))))))))))) -> FALSE | Q23: =F23*P23 -> 0 | R23: =IF(Q23<=0,"-",IF(Q23>0,9)) -> - | T23: =U23*S23 -> #VALUE! | U23: =F23-(F23*P23)-R23 -> #VALUE! | V23: =U23-T23 -> #VALUE!
A24: 22 | D24: Rəsmi gəlir | F24: =E24-(E24*Z13) -> 0 | H24: =IF(D24="Rəsmi gəlir",AA3,IF(D24="Qeyri rəsmi gəlir",AB3)) -> 0.07 | I24: =IF(D24="Rəsmi gəlir",AA4,IF(D24="Qeyri rəsmi gəlir",AB4)) -> 0.12 | J24: =IF(D24="Rəsmi gəlir",AA5,IF(D24="Qeyri rəsmi gəlir",AB5)) -> 0.16 | K24: =IF(D24="Rəsmi gəlir",AA6,IF(D24="Qeyri rəsmi gəlir",AB6)) -> 0.2 | L24: =IF(D24="Rəsmi gəlir",AA7,IF(D24="Qeyri rəsmi gəlir",AB7)) -> 0.23 | M24: =IF(D24="Rəsmi gəlir",AA8,IF(D24="Qeyri rəsmi gəlir",AB8)) -> 0.256 | N24: =IF(D24="Rəsmi gəlir",AA9,IF(D24="Qeyri rəsmi gəlir",AB9)) -> 0.2855 | O24: =IF(D24="Rəsmi gəlir",AA10,IF(D24="Qeyri rəsmi gəlir",AB10)) -> 0 | P24: =IF(G24="2",H24,IF(G24="3",H24,IF(G24="4",I24,IF(G24="5",I24,IF(G24="6",I24,IF(G24="7",J24,IF(G24="8",J24,IF(G24="9",J24,IF(G24="10",K24,IF(G24="11",K24,IF(G24="12",K24,IF(G24="13",L24,IF(G24="14",L24,IF(G24="15",L24,IF(G24="16",M24,IF(G24="17",M24,IF(G24="18",M24,IF(G24="19",N24,IF(G24="20",N24,IF(G24="21",N24,IF(G24="22",O24,IF(G24="23",O24,IF(G24="24",O24))))))))))))))))))))))) -> FALSE | Q24: =F24*P24 -> 0 | R24: =IF(Q24<=0,"-",IF(Q24>0,9)) -> - | T24: =U24*S24 -> #VALUE! | U24: =F24-(F24*P24)-R24 -> #VALUE! | V24: =U24-T24 -> #VALUE!
A25: 23 | D25: Rəsmi gəlir | F25: =E25-(E25*Z13) -> 0 | H25: =IF(D25="Rəsmi gəlir",AA3,IF(D25="Qeyri rəsmi gəlir",AB3)) -> 0.07 | I25: =IF(D25="Rəsmi gəlir",AA4,IF(D25="Qeyri rəsmi gəlir",AB4)) -> 0.12 | J25: =IF(D25="Rəsmi gəlir",AA5,IF(D25="Qeyri rəsmi gəlir",AB5)) -> 0.16 | K25: =IF(D25="Rəsmi gəlir",AA6,IF(D25="Qeyri rəsmi gəlir",AB6)) -> 0.2 | L25: =IF(D25="Rəsmi gəlir",AA7,IF(D25="Qeyri rəsmi gəlir",AB7)) -> 0.23 | M25: =IF(D25="Rəsmi gəlir",AA8,IF(D25="Qeyri rəsmi gəlir",AB8)) -> 0.256 | N25: =IF(D25="Rəsmi gəlir",AA9,IF(D25="Qeyri rəsmi gəlir",AB9)) -> 0.2855 | O25: =IF(D25="Rəsmi gəlir",AA10,IF(D25="Qeyri rəsmi gəlir",AB10)) -> 0 | P25: =IF(G25="2",H25,IF(G25="3",H25,IF(G25="4",I25,IF(G25="5",I25,IF(G25="6",I25,IF(G25="7",J25,IF(G25="8",J25,IF(G25="9",J25,IF(G25="10",K25,IF(G25="11",K25,IF(G25="12",K25,IF(G25="13",L25,IF(G25="14",L25,IF(G25="15",L25,IF(G25="16",M25,IF(G25="17",M25,IF(G25="18",M25,IF(G25="19",N25,IF(G25="20",N25,IF(G25="21",N25,IF(G25="22",O25,IF(G25="23",O25,IF(G25="24",O25))))))))))))))))))))))) -> FALSE | Q25: =F25*P25 -> 0 | R25: =IF(Q25<=0,"-",IF(Q25>0,9)) -> - | T25: =U25*S25 -> #VALUE! | U25: =F25-(F25*P25)-R25 -> #VALUE! | V25: =U25-T25 -> #VALUE!
A26: 24 | D26: Rəsmi gəlir | F26: =E26-(E26*Z13) -> 0 | H26: =IF(D26="Rəsmi gəlir",AA3,IF(D26="Qeyri rəsmi gəlir",AB3)) -> 0.07 | I26: =IF(D26="Rəsmi gəlir",AA4,IF(D26="Qeyri rəsmi gəlir",AB4)) -> 0.12 | J26: =IF(D26="Rəsmi gəlir",AA5,IF(D26="Qeyri rəsmi gəlir",AB5)) -> 0.16 | K26: =IF(D26="Rəsmi gəlir",AA6,IF(D26="Qeyri rəsmi gəlir",AB6)) -> 0.2 | L26: =IF(D26="Rəsmi gəlir",AA7,IF(D26="Qeyri rəsmi gəlir",AB7)) -> 0.23 | M26: =IF(D26="Rəsmi gəlir",AA8,IF(D26="Qeyri rəsmi gəlir",AB8)) -> 0.256 | N26: =IF(D26="Rəsmi gəlir",AA9,IF(D26="Qeyri rəsmi gəlir",AB9)) -> 0.2855 | O26: =IF(D26="Rəsmi gəlir",AA10,IF(D26="Qeyri rəsmi gəlir",AB10)) -> 0 | P26: =IF(G26="2",H26,IF(G26="3",H26,IF(G26="4",I26,IF(G26="5",I26,IF(G26="6",I26,IF(G26="7",J26,IF(G26="8",J26,IF(G26="9",J26,IF(G26="10",K26,IF(G26="11",K26,IF(G26="12",K26,IF(G26="13",L26,IF(G26="14",L26,IF(G26="15",L26,IF(G26="16",M26,IF(G26="17",M26,IF(G26="18",M26,IF(G26="19",N26,IF(G26="20",N26,IF(G26="21",N26,IF(G26="22",O26,IF(G26="23",O26,IF(G26="24",O26))))))))))))))))))))))) -> FALSE | Q26: =F26*P26 -> 0 | R26: =IF(Q26<=0,"-",IF(Q26>0,9)) -> - | T26: =U26*S26 -> #VALUE! | U26: =F26-(F26*P26)-R26 -> #VALUE! | V26: =U26-T26 -> #VALUE!
A27: 25 | D27: Rəsmi gəlir | F27: =E27-(E27*Z13) -> 0 | H27: =IF(D27="Rəsmi gəlir",AA3,IF(D27="Qeyri rəsmi gəlir",AB3)) -> 0.07 | I27: =IF(D27="Rəsmi gəlir",AA4,IF(D27="Qeyri rəsmi gəlir",AB4)) -> 0.12 | J27: =IF(D27="Rəsmi gəlir",AA5,IF(D27="Qeyri rəsmi gəlir",AB5)) -> 0.16 | K27: =IF(D27="Rəsmi gəlir",AA6,IF(D27="Qeyri rəsmi gəlir",AB6)) -> 0.2 | L27: =IF(D27="Rəsmi gəlir",AA7,IF(D27="Qeyri rəsmi gəlir",AB7)) -> 0.23 | M27: =IF(D27="Rəsmi gəlir",AA8,IF(D27="Qeyri rəsmi gəlir",AB8)) -> 0.256 | N27: =IF(D27="Rəsmi gəlir",AA9,IF(D27="Qeyri rəsmi gəlir",AB9)) -> 0.2855 | O27: =IF(D27="Rəsmi gəlir",AA10,IF(D27="Qeyri rəsmi gəlir",AB10)) -> 0 | P27: =IF(G27="2",H27,IF(G27="3",H27,IF(G27="4",I27,IF(G27="5",I27,IF(G27="6",I27,IF(G27="7",J27,IF(G27="8",J27,IF(G27="9",J27,IF(G27="10",K27,IF(G27="11",K27,IF(G27="12",K27,IF(G27="13",L27,IF(G27="14",L27,IF(G27="15",L27,IF(G27="16",M27,IF(G27="17",M27,IF(G27="18",M27,IF(G27="19",N27,IF(G27="20",N27,IF(G27="21",N27,IF(G27="22",O27,IF(G27="23",O27,IF(G27="24",O27))))))))))))))))))))))) -> FALSE | Q27: =F27*P27 -> 0 | R27: =IF(Q27<=0,"-",IF(Q27>0,9)) -> - | T27: =U27*S27 -> #VALUE! | U27: =F27-(F27*P27)-R27 -> #VALUE! | V27: =U27-T27 -> #VALUE!
A28: 26 | D28: Rəsmi gəlir | F28: =E28-(E28*Z13) -> 0 | H28: =IF(D28="Rəsmi gəlir",AA3,IF(D28="Qeyri rəsmi gəlir",AB3)) -> 0.07 | I28: =IF(D28="Rəsmi gəlir",AA4,IF(D28="Qeyri rəsmi gəlir",AB4)) -> 0.12 | J28: =IF(D28="Rəsmi gəlir",AA5,IF(D28="Qeyri rəsmi gəlir",AB5)) -> 0.16 | K28: =IF(D28="Rəsmi gəlir",AA6,IF(D28="Qeyri rəsmi gəlir",AB6)) -> 0.2 | L28: =IF(D28="Rəsmi gəlir",AA7,IF(D28="Qeyri rəsmi gəlir",AB7)) -> 0.23 | M28: =IF(D28="Rəsmi gəlir",AA8,IF(D28="Qeyri rəsmi gəlir",AB8)) -> 0.256 | N28: =IF(D28="Rəsmi gəlir",AA9,IF(D28="Qeyri rəsmi gəlir",AB9)) -> 0.2855 | O28: =IF(D28="Rəsmi gəlir",AA10,IF(D28="Qeyri rəsmi gəlir",AB10)) -> 0 | P28: =IF(G28="2",H28,IF(G28="3",H28,IF(G28="4",I28,IF(G28="5",I28,IF(G28="6",I28,IF(G28="7",J28,IF(G28="8",J28,IF(G28="9",J28,IF(G28="10",K28,IF(G28="11",K28,IF(G28="12",K28,IF(G28="13",L28,IF(G28="14",L28,IF(G28="15",L28,IF(G28="16",M28,IF(G28="17",M28,IF(G28="18",M28,IF(G28="19",N28,IF(G28="20",N28,IF(G28="21",N28,IF(G28="22",O28,IF(G28="23",O28,IF(G28="24",O28))))))))))))))))))))))) -> FALSE | Q28: =F28*P28 -> 0 | R28: =IF(Q28<=0,"-",IF(Q28>0,9)) -> - | T28: =U28*S28 -> #VALUE! | U28: =F28-(F28*P28)-R28 -> #VALUE! | V28: =U28-T28 -> #VALUE!
A29: 27 | D29: Rəsmi gəlir | F29: =E29-(E29*Z13) -> 0 | H29: =IF(D29="Rəsmi gəlir",AA3,IF(D29="Qeyri rəsmi gəlir",AB3)) -> 0.07 | I29: =IF(D29="Rəsmi gəlir",AA4,IF(D29="Qeyri rəsmi gəlir",AB4)) -> 0.12 | J29: =IF(D29="Rəsmi gəlir",AA5,IF(D29="Qeyri rəsmi gəlir",AB5)) -> 0.16 | K29: =IF(D29="Rəsmi gəlir",AA6,IF(D29="Qeyri rəsmi gəlir",AB6)) -> 0.2 | L29: =IF(D29="Rəsmi gəlir",AA7,IF(D29="Qeyri rəsmi gəlir",AB7)) -> 0.23 | M29: =IF(D29="Rəsmi gəlir",AA8,IF(D29="Qeyri rəsmi gəlir",AB8)) -> 0.256 | N29: =IF(D29="Rəsmi gəlir",AA9,IF(D29="Qeyri rəsmi gəlir",AB9)) -> 0.2855 | O29: =IF(D29="Rəsmi gəlir",AA10,IF(D29="Qeyri rəsmi gəlir",AB10)) -> 0 | P29: =IF(G29="2",H29,IF(G29="3",H29,IF(G29="4",I29,IF(G29="5",I29,IF(G29="6",I29,IF(G29="7",J29,IF(G29="8",J29,IF(G29="9",J29,IF(G29="10",K29,IF(G29="11",K29,IF(G29="12",K29,IF(G29="13",L29,IF(G29="14",L29,IF(G29="15",L29,IF(G29="16",M29,IF(G29="17",M29,IF(G29="18",M29,IF(G29="19",N29,IF(G29="20",N29,IF(G29="21",N29,IF(G29="22",O29,IF(G29="23",O29,IF(G29="24",O29))))))))))))))))))))))) -> FALSE | Q29: =F29*P29 -> 0 | R29: =IF(Q29<=0,"-",IF(Q29>0,9)) -> - | T29: =U29*S29 -> #VALUE! | U29: =F29-(F29*P29)-R29 -> #VALUE! | V29: =U29-T29 -> #VALUE!
A30: 28 | D30: Rəsmi gəlir | F30: =E30-(E30*Z13) -> 0 | H30: =IF(D30="Rəsmi gəlir",AA3,IF(D30="Qeyri rəsmi gəlir",AB3)) -> 0.07 | I30: =IF(D30="Rəsmi gəlir",AA4,IF(D30="Qeyri rəsmi gəlir",AB4)) -> 0.12 | J30: =IF(D30="Rəsmi gəlir",AA5,IF(D30="Qeyri rəsmi gəlir",AB5)) -> 0.16 | K30: =IF(D30="Rəsmi gəlir",AA6,IF(D30="Qeyri rəsmi gəlir",AB6)) -> 0.2 | L30: =IF(D30="Rəsmi gəlir",AA7,IF(D30="Qeyri rəsmi gəlir",AB7)) -> 0.23 | M30: =IF(D30="Rəsmi gəlir",AA8,IF(D30="Qeyri rəsmi gəlir",AB8)) -> 0.256 | N30: =IF(D30="Rəsmi gəlir",AA9,IF(D30="Qeyri rəsmi gəlir",AB9)) -> 0.2855 | O30: =IF(D30="Rəsmi gəlir",AA10,IF(D30="Qeyri rəsmi gəlir",AB10)) -> 0 | P30: =IF(G30="2",H30,IF(G30="3",H30,IF(G30="4",I30,IF(G30="5",I30,IF(G30="6",I30,IF(G30="7",J30,IF(G30="8",J30,IF(G30="9",J30,IF(G30="10",K30,IF(G30="11",K30,IF(G30="12",K30,IF(G30="13",L30,IF(G30="14",L30,IF(G30="15",L30,IF(G30="16",M30,IF(G30="17",M30,IF(G30="18",M30,IF(G30="19",N30,IF(G30="20",N30,IF(G30="21",N30,IF(G30="22",O30,IF(G30="23",O30,IF(G30="24",O30))))))))))))))))))))))) -> FALSE | Q30: =F30*P30 -> 0 | R30: =IF(Q30<=0,"-",IF(Q30>0,9)) -> - | T30: =U30*S30 -> #VALUE! | U30: =F30-(F30*P30)-R30 -> #VALUE! | V30: =U30-T30 -> #VALUE!
A31: 29 | D31: Rəsmi gəlir | F31: =E31-(E31*Z13) -> 0 | H31: =IF(D31="Rəsmi gəlir",AA3,IF(D31="Qeyri rəsmi gəlir",AB3)) -> 0.07 | I31: =IF(D31="Rəsmi gəlir",AA4,IF(D31="Qeyri rəsmi gəlir",AB4)) -> 0.12 | J31: =IF(D31="Rəsmi gəlir",AA5,IF(D31="Qeyri rəsmi gəlir",AB5)) -> 0.16 | K31: =IF(D31="Rəsmi gəlir",AA6,IF(D31="Qeyri rəsmi gəlir",AB6)) -> 0.2 | L31: =IF(D31="Rəsmi gəlir",AA7,IF(D31="Qeyri rəsmi gəlir",AB7)) -> 0.23 | M31: =IF(D31="Rəsmi gəlir",AA8,IF(D31="Qeyri rəsmi gəlir",AB8)) -> 0.256 | N31: =IF(D31="Rəsmi gəlir",AA9,IF(D31="Qeyri rəsmi gəlir",AB9)) -> 0.2855 | O31: =IF(D31="Rəsmi gəlir",AA10,IF(D31="Qeyri rəsmi gəlir",AB10)) -> 0 | P31: =IF(G31="2",H31,IF(G31="3",H31,IF(G31="4",I31,IF(G31="5",I31,IF(G31="6",I31,IF(G31="7",J31,IF(G31="8",J31,IF(G31="9",J31,IF(G31="10",K31,IF(G31="11",K31,IF(G31="12",K31,IF(G31="13",L31,IF(G31="14",L31,IF(G31="15",L31,IF(G31="16",M31,IF(G31="17",M31,IF(G31="18",M31,IF(G31="19",N31,IF(G31="20",N31,IF(G31="21",N31,IF(G31="22",O31,IF(G31="23",O31,IF(G31="24",O31))))))))))))))))))))))) -> FALSE | Q31: =F31*P31 -> 0 | R31: =IF(Q31<=0,"-",IF(Q31>0,9)) -> - | T31: =U31*S31 -> #VALUE! | U31: =F31-(F31*P31)-R31 -> #VALUE! | V31: =U31-T31 -> #VALUE!
A32: 30 | D32: Rəsmi gəlir | F32: =E32-(E32*Z13) -> 0 | H32: =IF(D32="Rəsmi gəlir",AA3,IF(D32="Qeyri rəsmi gəlir",AB3)) -> 0.07 | I32: =IF(D32="Rəsmi gəlir",AA4,IF(D32="Qeyri rəsmi gəlir",AB4)) -> 0.12 | J32: =IF(D32="Rəsmi gəlir",AA5,IF(D32="Qeyri rəsmi gəlir",AB5)) -> 0.16 | K32: =IF(D32="Rəsmi gəlir",AA6,IF(D32="Qeyri rəsmi gəlir",AB6)) -> 0.2 | L32: =IF(D32="Rəsmi gəlir",AA7,IF(D32="Qeyri rəsmi gəlir",AB7)) -> 0.23 | M32: =IF(D32="Rəsmi gəlir",AA8,IF(D32="Qeyri rəsmi gəlir",AB8)) -> 0.256 | N32: =IF(D32="Rəsmi gəlir",AA9,IF(D32="Qeyri rəsmi gəlir",AB9)) -> 0.2855 | O32: =IF(D32="Rəsmi gəlir",AA10,IF(D32="Qeyri rəsmi gəlir",AB10)) -> 0 | P32: =IF(G32="2",H32,IF(G32="3",H32,IF(G32="4",I32,IF(G32="5",I32,IF(G32="6",I32,IF(G32="7",J32,IF(G32="8",J32,IF(G32="9",J32,IF(G32="10",K32,IF(G32="11",K32,IF(G32="12",K32,IF(G32="13",L32,IF(G32="14",L32,IF(G32="15",L32,IF(G32="16",M32,IF(G32="17",M32,IF(G32="18",M32,IF(G32="19",N32,IF(G32="20",N32,IF(G32="21",N32,IF(G32="22",O32,IF(G32="23",O32,IF(G32="24",O32))))))))))))))))))))))) -> FALSE | Q32: =F32*P32 -> 0 | R32: =IF(Q32<=0,"-",IF(Q32>0,9)) -> - | T32: =U32*S32 -> #VALUE! | U32: =F32-(F32*P32)-R32 -> #VALUE! | V32: =U32-T32 -> #VALUE!
A33: 31 | D33: Rəsmi gəlir | F33: =E33-(E33*Z13) -> 0 | H33: =IF(D33="Rəsmi gəlir",AA3,IF(D33="Qeyri rəsmi gəlir",AB3)) -> 0.07 | I33: =IF(D33="Rəsmi gəlir",AA4,IF(D33="Qeyri rəsmi gəlir",AB4)) -> 0.12 | J33: =IF(D33="Rəsmi gəlir",AA5,IF(D33="Qeyri rəsmi gəlir",AB5)) -> 0.16 | K33: =IF(D33="Rəsmi gəlir",AA6,IF(D33="Qeyri rəsmi gəlir",AB6)) -> 0.2 | L33: =IF(D33="Rəsmi gəlir",AA7,IF(D33="Qeyri rəsmi gəlir",AB7)) -> 0.23 | M33: =IF(D33="Rəsmi gəlir",AA8,IF(D33="Qeyri rəsmi gəlir",AB8)) -> 0.256 | N33: =IF(D33="Rəsmi gəlir",AA9,IF(D33="Qeyri rəsmi gəlir",AB9)) -> 0.2855 | O33: =IF(D33="Rəsmi gəlir",AA10,IF(D33="Qeyri rəsmi gəlir",AB10)) -> 0 | P33: =IF(G33="2",H33,IF(G33="3",H33,IF(G33="4",I33,IF(G33="5",I33,IF(G33="6",I33,IF(G33="7",J33,IF(G33="8",J33,IF(G33="9",J33,IF(G33="10",K33,IF(G33="11",K33,IF(G33="12",K33,IF(G33="13",L33,IF(G33="14",L33,IF(G33="15",L33,IF(G33="16",M33,IF(G33="17",M33,IF(G33="18",M33,IF(G33="19",N33,IF(G33="20",N33,IF(G33="21",N33,IF(G33="22",O33,IF(G33="23",O33,IF(G33="24",O33))))))))))))))))))))))) -> FALSE | Q33: =F33*P33 -> 0 | R33: =IF(Q33<=0,"-",IF(Q33>0,9)) -> - | T33: =U33*S33 -> #VALUE! | U33: =F33-(F33*P33)-R33 -> #VALUE! | V33: =U33-T33 -> #VALUE!
A34: 32 | D34: Rəsmi gəlir | F34: =E34-(E34*Z13) -> 0 | H34: =IF(D34="Rəsmi gəlir",AA3,IF(D34="Qeyri rəsmi gəlir",AB3)) -> 0.07 | I34: =IF(D34="Rəsmi gəlir",AA4,IF(D34="Qeyri rəsmi gəlir",AB4)) -> 0.12 | J34: =IF(D34="Rəsmi gəlir",AA5,IF(D34="Qeyri rəsmi gəlir",AB5)) -> 0.16 | K34: =IF(D34="Rəsmi gəlir",AA6,IF(D34="Qeyri rəsmi gəlir",AB6)) -> 0.2 | L34: =IF(D34="Rəsmi gəlir",AA7,IF(D34="Qeyri rəsmi gəlir",AB7)) -> 0.23 | M34: =IF(D34="Rəsmi gəlir",AA8,IF(D34="Qeyri rəsmi gəlir",AB8)) -> 0.256 | N34: =IF(D34="Rəsmi gəlir",AA9,IF(D34="Qeyri rəsmi gəlir",AB9)) -> 0.2855 | O34: =IF(D34="Rəsmi gəlir",AA10,IF(D34="Qeyri rəsmi gəlir",AB10)) -> 0 | P34: =IF(G34="2",H34,IF(G34="3",H34,IF(G34="4",I34,IF(G34="5",I34,IF(G34="6",I34,IF(G34="7",J34,IF(G34="8",J34,IF(G34="9",J34,IF(G34="10",K34,IF(G34="11",K34,IF(G34="12",K34,IF(G34="13",L34,IF(G34="14",L34,IF(G34="15",L34,IF(G34="16",M34,IF(G34="17",M34,IF(G34="18",M34,IF(G34="19",N34,IF(G34="20",N34,IF(G34="21",N34,IF(G34="22",O34,IF(G34="23",O34,IF(G34="24",O34))))))))))))))))))))))) -> FALSE | Q34: =F34*P34 -> 0 | R34: =IF(Q34<=0,"-",IF(Q34>0,9)) -> - | T34: =U34*S34 -> #VALUE! | U34: =F34-(F34*P34)-R34 -> #VALUE! | V34: =U34-T34 -> #VALUE!
A35: 33 | D35: Rəsmi gəlir | F35: =E35-(E35*Z13) -> 0 | H35: =IF(D35="Rəsmi gəlir",AA3,IF(D35="Qeyri rəsmi gəlir",AB3)) -> 0.07 | I35: =IF(D35="Rəsmi gəlir",AA4,IF(D35="Qeyri rəsmi gəlir",AB4)) -> 0.12 | J35: =IF(D35="Rəsmi gəlir",AA5,IF(D35="Qeyri rəsmi gəlir",AB5)) -> 0.16 | K35: =IF(D35="Rəsmi gəlir",AA6,IF(D35="Qeyri rəsmi gəlir",AB6)) -> 0.2 | L35: =IF(D35="Rəsmi gəlir",AA7,IF(D35="Qeyri rəsmi gəlir",AB7)) -> 0.23 | M35: =IF(D35="Rəsmi gəlir",AA8,IF(D35="Qeyri rəsmi gəlir",AB8)) -> 0.256 | N35: =IF(D35="Rəsmi gəlir",AA9,IF(D35="Qeyri rəsmi gəlir",AB9)) -> 0.2855 | O35: =IF(D35="Rəsmi gəlir",AA10,IF(D35="Qeyri rəsmi gəlir",AB10)) -> 0 | P35: =IF(G35="2",H35,IF(G35="3",H35,IF(G35="4",I35,IF(G35="5",I35,IF(G35="6",I35,IF(G35="7",J35,IF(G35="8",J35,IF(G35="9",J35,IF(G35="10",K35,IF(G35="11",K35,IF(G35="12",K35,IF(G35="13",L35,IF(G35="14",L35,IF(G35="15",L35,IF(G35="16",M35,IF(G35="17",M35,IF(G35="18",M35,IF(G35="19",N35,IF(G35="20",N35,IF(G35="21",N35,IF(G35="22",O35,IF(G35="23",O35,IF(G35="24",O35))))))))))))))))))))))) -> FALSE | Q35: =F35*P35 -> 0 | R35: =IF(Q35<=0,"-",IF(Q35>0,9)) -> - | T35: =U35*S35 -> #VALUE! | U35: =F35-(F35*P35)-R35 -> #VALUE! | V35: =U35-T35 -> #VALUE!
A36: 34 | D36: Rəsmi gəlir | F36: =E36-(E36*Z13) -> 0 | H36: =IF(D36="Rəsmi gəlir",AA3,IF(D36="Qeyri rəsmi gəlir",AB3)) -> 0.07 | I36: =IF(D36="Rəsmi gəlir",AA4,IF(D36="Qeyri rəsmi gəlir",AB4)) -> 0.12 | J36: =IF(D36="Rəsmi gəlir",AA5,IF(D36="Qeyri rəsmi gəlir",AB5)) -> 0.16 | K36: =IF(D36="Rəsmi gəlir",AA6,IF(D36="Qeyri rəsmi gəlir",AB6)) -> 0.2 | L36: =IF(D36="Rəsmi gəlir",AA7,IF(D36="Qeyri rəsmi gəlir",AB7)) -> 0.23 | M36: =IF(D36="Rəsmi gəlir",AA8,IF(D36="Qeyri rəsmi gəlir",AB8)) -> 0.256 | N36: =IF(D36="Rəsmi gəlir",AA9,IF(D36="Qeyri rəsmi gəlir",AB9)) -> 0.2855 | O36: =IF(D36="Rəsmi gəlir",AA10,IF(D36="Qeyri rəsmi gəlir",AB10)) -> 0 | P36: =IF(G36="2",H36,IF(G36="3",H36,IF(G36="4",I36,IF(G36="5",I36,IF(G36="6",I36,IF(G36="7",J36,IF(G36="8",J36,IF(G36="9",J36,IF(G36="10",K36,IF(G36="11",K36,IF(G36="12",K36,IF(G36="13",L36,IF(G36="14",L36,IF(G36="15",L36,IF(G36="16",M36,IF(G36="17",M36,IF(G36="18",M36,IF(G36="19",N36,IF(G36="20",N36,IF(G36="21",N36,IF(G36="22",O36,IF(G36="23",O36,IF(G36="24",O36))))))))))))))))))))))) -> FALSE | Q36: =F36*P36 -> 0 | R36: =IF(Q36<=0,"-",IF(Q36>0,9)) -> - | T36: =U36*S36 -> #VALUE! | U36: =F36-(F36*P36)-R36 -> #VALUE! | V36: =U36-T36 -> #VALUE!
A37: 35 | D37: Rəsmi gəlir | F37: =E37-(E37*Z13) -> 0 | H37: =IF(D37="Rəsmi gəlir",AA3,IF(D37="Qeyri rəsmi gəlir",AB3)) -> 0.07 | I37: =IF(D37="Rəsmi gəlir",AA4,IF(D37="Qeyri rəsmi gəlir",AB4)) -> 0.12 | J37: =IF(D37="Rəsmi gəlir",AA5,IF(D37="Qeyri rəsmi gəlir",AB5)) -> 0.16 | K37: =IF(D37="Rəsmi gəlir",AA6,IF(D37="Qeyri rəsmi gəlir",AB6)) -> 0.2 | L37: =IF(D37="Rəsmi gəlir",AA7,IF(D37="Qeyri rəsmi gəlir",AB7)) -> 0.23 | M37: =IF(D37="Rəsmi gəlir",AA8,IF(D37="Qeyri rəsmi gəlir",AB8)) -> 0.256 | N37: =IF(D37="Rəsmi gəlir",AA9,IF(D37="Qeyri rəsmi gəlir",AB9)) -> 0.2855 | O37: =IF(D37="Rəsmi gəlir",AA10,IF(D37="Qeyri rəsmi gəlir",AB10)) -> 0 | P37: =IF(G37="2",H37,IF(G37="3",H37,IF(G37="4",I37,IF(G37="5",I37,IF(G37="6",I37,IF(G37="7",J37,IF(G37="8",J37,IF(G37="9",J37,IF(G37="10",K37,IF(G37="11",K37,IF(G37="12",K37,IF(G37="13",L37,IF(G37="14",L37,IF(G37="15",L37,IF(G37="16",M37,IF(G37="17",M37,IF(G37="18",M37,IF(G37="19",N37,IF(G37="20",N37,IF(G37="21",N37,IF(G37="22",O37,IF(G37="23",O37,IF(G37="24",O37))))))))))))))))))))))) -> FALSE | Q37: =F37*P37 -> 0 | R37: =IF(Q37<=0,"-",IF(Q37>0,9)) -> - | T37: =U37*S37 -> #VALUE! | U37: =F37-(F37*P37)-R37 -> #VALUE! | V37: =U37-T37 -> #VALUE!
A38: 36 | D38: Rəsmi gəlir | F38: =E38-(E38*Z13) -> 0 | H38: =IF(D38="Rəsmi gəlir",AA3,IF(D38="Qeyri rəsmi gəlir",AB3)) -> 0.07 | I38: =IF(D38="Rəsmi gəlir",AA4,IF(D38="Qeyri rəsmi gəlir",AB4)) -> 0.12 | J38: =IF(D38="Rəsmi gəlir",AA5,IF(D38="Qeyri rəsmi gəlir",AB5)) -> 0.16 | K38: =IF(D38="Rəsmi gəlir",AA6,IF(D38="Qeyri rəsmi gəlir",AB6)) -> 0.2 | L38: =IF(D38="Rəsmi gəlir",AA7,IF(D38="Qeyri rəsmi gəlir",AB7)) -> 0.23 | M38: =IF(D38="Rəsmi gəlir",AA8,IF(D38="Qeyri rəsmi gəlir",AB8)) -> 0.256 | N38: =IF(D38="Rəsmi gəlir",AA9,IF(D38="Qeyri rəsmi gəlir",AB9)) -> 0.2855 | O38: =IF(D38="Rəsmi gəlir",AA10,IF(D38="Qeyri rəsmi gəlir",AB10)) -> 0 | P38: =IF(G38="2",H38,IF(G38="3",H38,IF(G38="4",I38,IF(G38="5",I38,IF(G38="6",I38,IF(G38="7",J38,IF(G38="8",J38,IF(G38="9",J38,IF(G38="10",K38,IF(G38="11",K38,IF(G38="12",K38,IF(G38="13",L38,IF(G38="14",L38,IF(G38="15",L38,IF(G38="16",M38,IF(G38="17",M38,IF(G38="18",M38,IF(G38="19",N38,IF(G38="20",N38,IF(G38="21",N38,IF(G38="22",O38,IF(G38="23",O38,IF(G38="24",O38))))))))))))))))))))))) -> FALSE | Q38: =F38*P38 -> 0 | R38: =IF(Q38<=0,"-",IF(Q38>0,9)) -> - | T38: =U38*S38 -> #VALUE! | U38: =F38-(F38*P38)-R38 -> #VALUE! | V38: =U38-T38 -> #VALUE!
A39: 37 | D39: Rəsmi gəlir | F39: =E39-(E39*Z13) -> 0 | H39: =IF(D39="Rəsmi gəlir",AA3,IF(D39="Qeyri rəsmi gəlir",AB3)) -> 0.07 | I39: =IF(D39="Rəsmi gəlir",AA4,IF(D39="Qeyri rəsmi gəlir",AB4)) -> 0.12 | J39: =IF(D39="Rəsmi gəlir",AA5,IF(D39="Qeyri rəsmi gəlir",AB5)) -> 0.16 | K39: =IF(D39="Rəsmi gəlir",AA6,IF(D39="Qeyri rəsmi gəlir",AB6)) -> 0.2 | L39: =IF(D39="Rəsmi gəlir",AA7,IF(D39="Qeyri rəsmi gəlir",AB7)) -> 0.23 | M39: =IF(D39="Rəsmi gəlir",AA8,IF(D39="Qeyri rəsmi gəlir",AB8)) -> 0.256 | N39: =IF(D39="Rəsmi gəlir",AA9,IF(D39="Qeyri rəsmi gəlir",AB9)) -> 0.2855 | O39: =IF(D39="Rəsmi gəlir",AA10,IF(D39="Qeyri rəsmi gəlir",AB10)) -> 0 | P39: =IF(G39="2",H39,IF(G39="3",H39,IF(G39="4",I39,IF(G39="5",I39,IF(G39="6",I39,IF(G39="7",J39,IF(G39="8",J39,IF(G39="9",J39,IF(G39="10",K39,IF(G39="11",K39,IF(G39="12",K39,IF(G39="13",L39,IF(G39="14",L39,IF(G39="15",L39,IF(G39="16",M39,IF(G39="17",M39,IF(G39="18",M39,IF(G39="19",N39,IF(G39="20",N39,IF(G39="21",N39,IF(G39="22",O39,IF(G39="23",O39,IF(G39="24",O39))))))))))))))))))))))) -> FALSE | Q39: =F39*P39 -> 0 | R39: =IF(Q39<=0,"-",IF(Q39>0,9)) -> - | T39: =U39*S39 -> #VALUE! | U39: =F39-(F39*P39)-R39 -> #VALUE! | V39: =U39-T39 -> #VALUE!
A40: 38 | D40: Rəsmi gəlir | F40: =E40-(E40*Z13) -> 0 | H40: =IF(D40="Rəsmi gəlir",AA3,IF(D40="Qeyri rəsmi gəlir",AB3)) -> 0.07 | I40: =IF(D40="Rəsmi gəlir",AA4,IF(D40="Qeyri rəsmi gəlir",AB4)) -> 0.12 | J40: =IF(D40="Rəsmi gəlir",AA5,IF(D40="Qeyri rəsmi gəlir",AB5)) -> 0.16 | K40: =IF(D40="Rəsmi gəlir",AA6,IF(D40="Qeyri rəsmi gəlir",AB6)) -> 0.2 | L40: =IF(D40="Rəsmi gəlir",AA7,IF(D40="Qeyri rəsmi gəlir",AB7)) -> 0.23 | M40: =IF(D40="Rəsmi gəlir",AA8,IF(D40="Qeyri rəsmi gəlir",AB8)) -> 0.256 | N40: =IF(D40="Rəsmi gəlir",AA9,IF(D40="Qeyri rəsmi gəlir",AB9)) -> 0.2855 | O40: =IF(D40="Rəsmi gəlir",AA10,IF(D40="Qeyri rəsmi gəlir",AB10)) -> 0 | P40: =IF(G40="2",H40,IF(G40="3",H40,IF(G40="4",I40,IF(G40="5",I40,IF(G40="6",I40,IF(G40="7",J40,IF(G40="8",J40,IF(G40="9",J40,IF(G40="10",K40,IF(G40="11",K40,IF(G40="12",K40,IF(G40="13",L40,IF(G40="14",L40,IF(G40="15",L40,IF(G40="16",M40,IF(G40="17",M40,IF(G40="18",M40,IF(G40="19",N40,IF(G40="20",N40,IF(G40="21",N40,IF(G40="22",O40,IF(G40="23",O40,IF(G40="24",O40))))))))))))))))))))))) -> FALSE | Q40: =F40*P40 -> 0 | R40: =IF(Q40<=0,"-",IF(Q40>0,9)) -> - | T40: =U40*S40 -> #VALUE! | U40: =F40-(F40*P40)-R40 -> #VALUE! | V40: =U40-T40 -> #VALUE!
A41: 39 | D41: Rəsmi gəlir | F41: =E41-(E41*Z13) -> 0 | H41: =IF(D41="Rəsmi gəlir",AA3,IF(D41="Qeyri rəsmi gəlir",AB3)) -> 0.07 | I41: =IF(D41="Rəsmi gəlir",AA4,IF(D41="Qeyri rəsmi gəlir",AB4)) -> 0.12 | J41: =IF(D41="Rəsmi gəlir",AA5,IF(D41="Qeyri rəsmi gəlir",AB5)) -> 0.16 | K41: =IF(D41="Rəsmi gəlir",AA6,IF(D41="Qeyri rəsmi gəlir",AB6)) -> 0.2 | L41: =IF(D41="Rəsmi gəlir",AA7,IF(D41="Qeyri rəsmi gəlir",AB7)) -> 0.23 | M41: =IF(D41="Rəsmi gəlir",AA8,IF(D41="Qeyri rəsmi gəlir",AB8)) -> 0.256 | N41: =IF(D41="Rəsmi gəlir",AA9,IF(D41="Qeyri rəsmi gəlir",AB9)) -> 0.2855 | O41: =IF(D41="Rəsmi gəlir",AA10,IF(D41="Qeyri rəsmi gəlir",AB10)) -> 0 | P41: =IF(G41="2",H41,IF(G41="3",H41,IF(G41="4",I41,IF(G41="5",I41,IF(G41="6",I41,IF(G41="7",J41,IF(G41="8",J41,IF(G41="9",J41,IF(G41="10",K41,IF(G41="11",K41,IF(G41="12",K41,IF(G41="13",L41,IF(G41="14",L41,IF(G41="15",L41,IF(G41="16",M41,IF(G41="17",M41,IF(G41="18",M41,IF(G41="19",N41,IF(G41="20",N41,IF(G41="21",N41,IF(G41="22",O41,IF(G41="23",O41,IF(G41="24",O41))))))))))))))))))))))) -> FALSE | Q41: =F41*P41 -> 0 | R41: =IF(Q41<=0,"-",IF(Q41>0,9)) -> - | T41: =U41*S41 -> #VALUE! | U41: =F41-(F41*P41)-R41 -> #VALUE! | V41: =U41-T41 -> #VALUE!
A42: 40 | D42: Rəsmi gəlir | F42: =E42-(E42*Z13) -> 0 | H42: =IF(D42="Rəsmi gəlir",AA3,IF(D42="Qeyri rəsmi gəlir",AB3)) -> 0.07 | I42: =IF(D42="Rəsmi gəlir",AA4,IF(D42="Qeyri rəsmi gəlir",AB4)) -> 0.12 | J42: =IF(D42="Rəsmi gəlir",AA5,IF(D42="Qeyri rəsmi gəlir",AB5)) -> 0.16 | K42: =IF(D42="Rəsmi gəlir",AA6,IF(D42="Qeyri rəsmi gəlir",AB6)) -> 0.2 | L42: =IF(D42="Rəsmi gəlir",AA7,IF(D42="Qeyri rəsmi gəlir",AB7)) -> 0.23 | M42: =IF(D42="Rəsmi gəlir",AA8,IF(D42="Qeyri rəsmi gəlir",AB8)) -> 0.256 | N42: =IF(D42="Rəsmi gəlir",AA9,IF(D42="Qeyri rəsmi gəlir",AB9)) -> 0.2855 | O42: =IF(D42="Rəsmi gəlir",AA10,IF(D42="Qeyri rəsmi gəlir",AB10)) -> 0 | P42: =IF(G42="2",H42,IF(G42="3",H42,IF(G42="4",I42,IF(G42="5",I42,IF(G42="6",I42,IF(G42="7",J42,IF(G42="8",J42,IF(G42="9",J42,IF(G42="10",K42,IF(G42="11",K42,IF(G42="12",K42,IF(G42="13",L42,IF(G42="14",L42,IF(G42="15",L42,IF(G42="16",M42,IF(G42="17",M42,IF(G42="18",M42,IF(G42="19",N42,IF(G42="20",N42,IF(G42="21",N42,IF(G42="22",O42,IF(G42="23",O42,IF(G42="24",O42))))))))))))))))))))))) -> FALSE | Q42: =F42*P42 -> 0 | R42: =IF(Q42<=0,"-",IF(Q42>0,9)) -> - | T42: =U42*S42 -> #VALUE! | U42: =F42-(F42*P42)-R42 -> #VALUE! | V42: =U42-T42 -> #VALUE!
A43: 41 | D43: Rəsmi gəlir | F43: =E43-(E43*Z13) -> 0 | H43: =IF(D43="Rəsmi gəlir",AA3,IF(D43="Qeyri rəsmi gəlir",AB3)) -> 0.07 | I43: =IF(D43="Rəsmi gəlir",AA4,IF(D43="Qeyri rəsmi gəlir",AB4)) -> 0.12 | J43: =IF(D43="Rəsmi gəlir",AA5,IF(D43="Qeyri rəsmi gəlir",AB5)) -> 0.16 | K43: =IF(D43="Rəsmi gəlir",AA6,IF(D43="Qeyri rəsmi gəlir",AB6)) -> 0.2 | L43: =IF(D43="Rəsmi gəlir",AA7,IF(D43="Qeyri rəsmi gəlir",AB7)) -> 0.23 | M43: =IF(D43="Rəsmi gəlir",AA8,IF(D43="Qeyri rəsmi gəlir",AB8)) -> 0.256 | N43: =IF(D43="Rəsmi gəlir",AA9,IF(D43="Qeyri rəsmi gəlir",AB9)) -> 0.2855 | O43: =IF(D43="Rəsmi gəlir",AA10,IF(D43="Qeyri rəsmi gəlir",AB10)) -> 0 | P43: =IF(G43="2",H43,IF(G43="3",H43,IF(G43="4",I43,IF(G43="5",I43,IF(G43="6",I43,IF(G43="7",J43,IF(G43="8",J43,IF(G43="9",J43,IF(G43="10",K43,IF(G43="11",K43,IF(G43="12",K43,IF(G43="13",L43,IF(G43="14",L43,IF(G43="15",L43,IF(G43="16",M43,IF(G43="17",M43,IF(G43="18",M43,IF(G43="19",N43,IF(G43="20",N43,IF(G43="21",N43,IF(G43="22",O43,IF(G43="23",O43,IF(G43="24",O43))))))))))))))))))))))) -> FALSE | Q43: =F43*P43 -> 0 | R43: =IF(Q43<=0,"-",IF(Q43>0,9)) -> - | T43: =U43*S43 -> #VALUE! | U43: =F43-(F43*P43)-R43 -> #VALUE! | V43: =U43-T43 -> #VALUE!
A44: 42 | D44: Rəsmi gəlir | F44: =E44-(E44*Z13) -> 0 | H44: =IF(D44="Rəsmi gəlir",AA3,IF(D44="Qeyri rəsmi gəlir",AB3)) -> 0.07 | I44: =IF(D44="Rəsmi gəlir",AA4,IF(D44="Qeyri rəsmi gəlir",AB4)) -> 0.12 | J44: =IF(D44="Rəsmi gəlir",AA5,IF(D44="Qeyri rəsmi gəlir",AB5)) -> 0.16 | K44: =IF(D44="Rəsmi gəlir",AA6,IF(D44="Qeyri rəsmi gəlir",AB6)) -> 0.2 | L44: =IF(D44="Rəsmi gəlir",AA7,IF(D44="Qeyri rəsmi gəlir",AB7)) -> 0.23 | M44: =IF(D44="Rəsmi gəlir",AA8,IF(D44="Qeyri rəsmi gəlir",AB8)) -> 0.256 | N44: =IF(D44="Rəsmi gəlir",AA9,IF(D44="Qeyri rəsmi gəlir",AB9)) -> 0.2855 | O44: =IF(D44="Rəsmi gəlir",AA10,IF(D44="Qeyri rəsmi gəlir",AB10)) -> 0 | P44: =IF(G44="2",H44,IF(G44="3",H44,IF(G44="4",I44,IF(G44="5",I44,IF(G44="6",I44,IF(G44="7",J44,IF(G44="8",J44,IF(G44="9",J44,IF(G44="10",K44,IF(G44="11",K44,IF(G44="12",K44,IF(G44="13",L44,IF(G44="14",L44,IF(G44="15",L44,IF(G44="16",M44,IF(G44="17",M44,IF(G44="18",M44,IF(G44="19",N44,IF(G44="20",N44,IF(G44="21",N44,IF(G44="22",O44,IF(G44="23",O44,IF(G44="24",O44))))))))))))))))))))))) -> FALSE | Q44: =F44*P44 -> 0 | R44: =IF(Q44<=0,"-",IF(Q44>0,9)) -> - | T44: =U44*S44 -> #VALUE! | U44: =F44-(F44*P44)-R44 -> #VALUE! | V44: =U44-T44 -> #VALUE!
A45: 43 | D45: Rəsmi gəlir | F45: =E45-(E45*Z13) -> 0 | H45: =IF(D45="Rəsmi gəlir",AA3,IF(D45="Qeyri rəsmi gəlir",AB3)) -> 0.07 | I45: =IF(D45="Rəsmi gəlir",AA4,IF(D45="Qeyri rəsmi gəlir",AB4)) -> 0.12 | J45: =IF(D45="Rəsmi gəlir",AA5,IF(D45="Qeyri rəsmi gəlir",AB5)) -> 0.16 | K45: =IF(D45="Rəsmi gəlir",AA6,IF(D45="Qeyri rəsmi gəlir",AB6)) -> 0.2 | L45: =IF(D45="Rəsmi gəlir",AA7,IF(D45="Qeyri rəsmi gəlir",AB7)) -> 0.23 | M45: =IF(D45="Rəsmi gəlir",AA8,IF(D45="Qeyri rəsmi gəlir",AB8)) -> 0.256 | N45: =IF(D45="Rəsmi gəlir",AA9,IF(D45="Qeyri rəsmi gəlir",AB9)) -> 0.2855 | O45: =IF(D45="Rəsmi gəlir",AA10,IF(D45="Qeyri rəsmi gəlir",AB10)) -> 0 | P45: =IF(G45="2",H45,IF(G45="3",H45,IF(G45="4",I45,IF(G45="5",I45,IF(G45="6",I45,IF(G45="7",J45,IF(G45="8",J45,IF(G45="9",J45,IF(G45="10",K45,IF(G45="11",K45,IF(G45="12",K45,IF(G45="13",L45,IF(G45="14",L45,IF(G45="15",L45,IF(G45="16",M45,IF(G45="17",M45,IF(G45="18",M45,IF(G45="19",N45,IF(G45="20",N45,IF(G45="21",N45,IF(G45="22",O45,IF(G45="23",O45,IF(G45="24",O45))))))))))))))))))))))) -> FALSE | Q45: =F45*P45 -> 0 | R45: =IF(Q45<=0,"-",IF(Q45>0,9)) -> - | T45: =U45*S45 -> #VALUE! | U45: =F45-(F45*P45)-R45 -> #VALUE! | V45: =U45-T45 -> #VALUE!
A46: 44 | D46: Rəsmi gəlir | F46: =E46-(E46*Z13) -> 0 | H46: =IF(D46="Rəsmi gəlir",AA3,IF(D46="Qeyri rəsmi gəlir",AB3)) -> 0.07 | I46: =IF(D46="Rəsmi gəlir",AA4,IF(D46="Qeyri rəsmi gəlir",AB4)) -> 0.12 | J46: =IF(D46="Rəsmi gəlir",AA5,IF(D46="Qeyri rəsmi gəlir",AB5)) -> 0.16 | K46: =IF(D46="Rəsmi gəlir",AA6,IF(D46="Qeyri rəsmi gəlir",AB6)) -> 0.2 | L46: =IF(D46="Rəsmi gəlir",AA7,IF(D46="Qeyri rəsmi gəlir",AB7)) -> 0.23 | M46: =IF(D46="Rəsmi gəlir",AA8,IF(D46="Qeyri rəsmi gəlir",AB8)) -> 0.256 | N46: =IF(D46="Rəsmi gəlir",AA9,IF(D46="Qeyri rəsmi gəlir",AB9)) -> 0.2855 | O46: =IF(D46="Rəsmi gəlir",AA10,IF(D46="Qeyri rəsmi gəlir",AB10)) -> 0 | P46: =IF(G46="2",H46,IF(G46="3",H46,IF(G46="4",I46,IF(G46="5",I46,IF(G46="6",I46,IF(G46="7",J46,IF(G46="8",J46,IF(G46="9",J46,IF(G46="10",K46,IF(G46="11",K46,IF(G46="12",K46,IF(G46="13",L46,IF(G46="14",L46,IF(G46="15",L46,IF(G46="16",M46,IF(G46="17",M46,IF(G46="18",M46,IF(G46="19",N46,IF(G46="20",N46,IF(G46="21",N46,IF(G46="22",O46,IF(G46="23",O46,IF(G46="24",O46))))))))))))))))))))))) -> FALSE | Q46: =F46*P46 -> 0 | R46: =IF(Q46<=0,"-",IF(Q46>0,9)) -> - | T46: =U46*S46 -> #VALUE! | U46: =F46-(F46*P46)-R46 -> #VALUE! | V46: =U46-T46 -> #VALUE!
A47: 45 | D47: Rəsmi gəlir | F47: =E47-(E47*Z13) -> 0 | H47: =IF(D47="Rəsmi gəlir",AA3,IF(D47="Qeyri rəsmi gəlir",AB3)) -> 0.07 | I47: =IF(D47="Rəsmi gəlir",AA4,IF(D47="Qeyri rəsmi gəlir",AB4)) -> 0.12 | J47: =IF(D47="Rəsmi gəlir",AA5,IF(D47="Qeyri rəsmi gəlir",AB5)) -> 0.16 | K47: =IF(D47="Rəsmi gəlir",AA6,IF(D47="Qeyri rəsmi gəlir",AB6)) -> 0.2 | L47: =IF(D47="Rəsmi gəlir",AA7,IF(D47="Qeyri rəsmi gəlir",AB7)) -> 0.23 | M47: =IF(D47="Rəsmi gəlir",AA8,IF(D47="Qeyri rəsmi gəlir",AB8)) -> 0.256 | N47: =IF(D47="Rəsmi gəlir",AA9,IF(D47="Qeyri rəsmi gəlir",AB9)) -> 0.2855 | O47: =IF(D47="Rəsmi gəlir",AA10,IF(D47="Qeyri rəsmi gəlir",AB10)) -> 0 | P47: =IF(G47="2",H47,IF(G47="3",H47,IF(G47="4",I47,IF(G47="5",I47,IF(G47="6",I47,IF(G47="7",J47,IF(G47="8",J47,IF(G47="9",J47,IF(G47="10",K47,IF(G47="11",K47,IF(G47="12",K47,IF(G47="13",L47,IF(G47="14",L47,IF(G47="15",L47,IF(G47="16",M47,IF(G47="17",M47,IF(G47="18",M47,IF(G47="19",N47,IF(G47="20",N47,IF(G47="21",N47,IF(G47="22",O47,IF(G47="23",O47,IF(G47="24",O47))))))))))))))))))))))) -> FALSE | Q47: =F47*P47 -> 0 | R47: =IF(Q47<=0,"-",IF(Q47>0,9)) -> - | T47: =U47*S47 -> #VALUE! | U47: =F47-(F47*P47)-R47 -> #VALUE! | V47: =U47-T47 -> #VALUE!
A48: 46 | D48: Rəsmi gəlir | F48: =E48-(E48*Z13) -> 0 | H48: =IF(D48="Rəsmi gəlir",AA3,IF(D48="Qeyri rəsmi gəlir",AB3)) -> 0.07 | I48: =IF(D48="Rəsmi gəlir",AA4,IF(D48="Qeyri rəsmi gəlir",AB4)) -> 0.12 | J48: =IF(D48="Rəsmi gəlir",AA5,IF(D48="Qeyri rəsmi gəlir",AB5)) -> 0.16 | K48: =IF(D48="Rəsmi gəlir",AA6,IF(D48="Qeyri rəsmi gəlir",AB6)) -> 0.2 | L48: =IF(D48="Rəsmi gəlir",AA7,IF(D48="Qeyri rəsmi gəlir",AB7)) -> 0.23 | M48: =IF(D48="Rəsmi gəlir",AA8,IF(D48="Qeyri rəsmi gəlir",AB8)) -> 0.256 | N48: =IF(D48="Rəsmi gəlir",AA9,IF(D48="Qeyri rəsmi gəlir",AB9)) -> 0.2855 | O48: =IF(D48="Rəsmi gəlir",AA10,IF(D48="Qeyri rəsmi gəlir",AB10)) -> 0 | P48: =IF(G48="2",H48,IF(G48="3",H48,IF(G48="4",I48,IF(G48="5",I48,IF(G48="6",I48,IF(G48="7",J48,IF(G48="8",J48,IF(G48="9",J48,IF(G48="10",K48,IF(G48="11",K48,IF(G48="12",K48,IF(G48="13",L48,IF(G48="14",L48,IF(G48="15",L48,IF(G48="16",M48,IF(G48="17",M48,IF(G48="18",M48,IF(G48="19",N48,IF(G48="20",N48,IF(G48="21",N48,IF(G48="22",O48,IF(G48="23",O48,IF(G48="24",O48))))))))))))))))))))))) -> FALSE | Q48: =F48*P48 -> 0 | R48: =IF(Q48<=0,"-",IF(Q48>0,9)) -> - | T48: =U48*S48 -> #VALUE! | U48: =F48-(F48*P48)-R48 -> #VALUE! | V48: =U48-T48 -> #VALUE!
A49: 47 | D49: Rəsmi gəlir | F49: =E49-(E49*Z13) -> 0 | H49: =IF(D49="Rəsmi gəlir",AA3,IF(D49="Qeyri rəsmi gəlir",AB3)) -> 0.07 | I49: =IF(D49="Rəsmi gəlir",AA4,IF(D49="Qeyri rəsmi gəlir",AB4)) -> 0.12 | J49: =IF(D49="Rəsmi gəlir",AA5,IF(D49="Qeyri rəsmi gəlir",AB5)) -> 0.16 | K49: =IF(D49="Rəsmi gəlir",AA6,IF(D49="Qeyri rəsmi gəlir",AB6)) -> 0.2 | L49: =IF(D49="Rəsmi gəlir",AA7,IF(D49="Qeyri rəsmi gəlir",AB7)) -> 0.23 | M49: =IF(D49="Rəsmi gəlir",AA8,IF(D49="Qeyri rəsmi gəlir",AB8)) -> 0.256 | N49: =IF(D49="Rəsmi gəlir",AA9,IF(D49="Qeyri rəsmi gəlir",AB9)) -> 0.2855 | O49: =IF(D49="Rəsmi gəlir",AA10,IF(D49="Qeyri rəsmi gəlir",AB10)) -> 0 | P49: =IF(G49="2",H49,IF(G49="3",H49,IF(G49="4",I49,IF(G49="5",I49,IF(G49="6",I49,IF(G49="7",J49,IF(G49="8",J49,IF(G49="9",J49,IF(G49="10",K49,IF(G49="11",K49,IF(G49="12",K49,IF(G49="13",L49,IF(G49="14",L49,IF(G49="15",L49,IF(G49="16",M49,IF(G49="17",M49,IF(G49="18",M49,IF(G49="19",N49,IF(G49="20",N49,IF(G49="21",N49,IF(G49="22",O49,IF(G49="23",O49,IF(G49="24",O49))))))))))))))))))))))) -> FALSE | Q49: =F49*P49 -> 0 | R49: =IF(Q49<=0,"-",IF(Q49>0,9)) -> - | T49: =U49*S49 -> #VALUE! | U49: =F49-(F49*P49)-R49 -> #VALUE! | V49: =U49-T49 -> #VALUE!
A50: 48 | D50: Rəsmi gəlir | F50: =E50-(E50*Z13) -> 0 | H50: =IF(D50="Rəsmi gəlir",AA3,IF(D50="Qeyri rəsmi gəlir",AB3)) -> 0.07 | I50: =IF(D50="Rəsmi gəlir",AA4,IF(D50="Qeyri rəsmi gəlir",AB4)) -> 0.12 | J50: =IF(D50="Rəsmi gəlir",AA5,IF(D50="Qeyri rəsmi gəlir",AB5)) -> 0.16 | K50: =IF(D50="Rəsmi gəlir",AA6,IF(D50="Qeyri rəsmi gəlir",AB6)) -> 0.2 | L50: =IF(D50="Rəsmi gəlir",AA7,IF(D50="Qeyri rəsmi gəlir",AB7)) -> 0.23 | M50: =IF(D50="Rəsmi gəlir",AA8,IF(D50="Qeyri rəsmi gəlir",AB8)) -> 0.256 | N50: =IF(D50="Rəsmi gəlir",AA9,IF(D50="Qeyri rəsmi gəlir",AB9)) -> 0.2855 | O50: =IF(D50="Rəsmi gəlir",AA10,IF(D50="Qeyri rəsmi gəlir",AB10)) -> 0 | P50: =IF(G50="2",H50,IF(G50="3",H50,IF(G50="4",I50,IF(G50="5",I50,IF(G50="6",I50,IF(G50="7",J50,IF(G50="8",J50,IF(G50="9",J50,IF(G50="10",K50,IF(G50="11",K50,IF(G50="12",K50,IF(G50="13",L50,IF(G50="14",L50,IF(G50="15",L50,IF(G50="16",M50,IF(G50="17",M50,IF(G50="18",M50,IF(G50="19",N50,IF(G50="20",N50,IF(G50="21",N50,IF(G50="22",O50,IF(G50="23",O50,IF(G50="24",O50))))))))))))))))))))))) -> FALSE | Q50: =F50*P50 -> 0 | R50: =IF(Q50<=0,"-",IF(Q50>0,9)) -> - | T50: =U50*S50 -> #VALUE! | U50: =F50-(F50*P50)-R50 -> #VALUE! | V50: =U50-T50 -> #VALUE!
A51: 49 | D51: Rəsmi gəlir | F51: =E51-(E51*Z13) -> 0 | H51: =IF(D51="Rəsmi gəlir",AA3,IF(D51="Qeyri rəsmi gəlir",AB3)) -> 0.07 | I51: =IF(D51="Rəsmi gəlir",AA4,IF(D51="Qeyri rəsmi gəlir",AB4)) -> 0.12 | J51: =IF(D51="Rəsmi gəlir",AA5,IF(D51="Qeyri rəsmi gəlir",AB5)) -> 0.16 | K51: =IF(D51="Rəsmi gəlir",AA6,IF(D51="Qeyri rəsmi gəlir",AB6)) -> 0.2 | L51: =IF(D51="Rəsmi gəlir",AA7,IF(D51="Qeyri rəsmi gəlir",AB7)) -> 0.23 | M51: =IF(D51="Rəsmi gəlir",AA8,IF(D51="Qeyri rəsmi gəlir",AB8)) -> 0.256 | N51: =IF(D51="Rəsmi gəlir",AA9,IF(D51="Qeyri rəsmi gəlir",AB9)) -> 0.2855 | O51: =IF(D51="Rəsmi gəlir",AA10,IF(D51="Qeyri rəsmi gəlir",AB10)) -> 0 | P51: =IF(G51="2",H51,IF(G51="3",H51,IF(G51="4",I51,IF(G51="5",I51,IF(G51="6",I51,IF(G51="7",J51,IF(G51="8",J51,IF(G51="9",J51,IF(G51="10",K51,IF(G51="11",K51,IF(G51="12",K51,IF(G51="13",L51,IF(G51="14",L51,IF(G51="15",L51,IF(G51="16",M51,IF(G51="17",M51,IF(G51="18",M51,IF(G51="19",N51,IF(G51="20",N51,IF(G51="21",N51,IF(G51="22",O51,IF(G51="23",O51,IF(G51="24",O51))))))))))))))))))))))) -> FALSE | Q51: =F51*P51 -> 0 | R51: =IF(Q51<=0,"-",IF(Q51>0,9)) -> - | T51: =U51*S51 -> #VALUE! | U51: =F51-(F51*P51)-R51 -> #VALUE! | V51: =U51-T51 -> #VALUE!
A52: 50 | D52: Rəsmi gəlir | F52: =E52-(E52*Z13) -> 0 | H52: =IF(D52="Rəsmi gəlir",AA3,IF(D52="Qeyri rəsmi gəlir",AB3)) -> 0.07 | I52: =IF(D52="Rəsmi gəlir",AA4,IF(D52="Qeyri rəsmi gəlir",AB4)) -> 0.12 | J52: =IF(D52="Rəsmi gəlir",AA5,IF(D52="Qeyri rəsmi gəlir",AB5)) -> 0.16 | K52: =IF(D52="Rəsmi gəlir",AA6,IF(D52="Qeyri rəsmi gəlir",AB6)) -> 0.2 | L52: =IF(D52="Rəsmi gəlir",AA7,IF(D52="Qeyri rəsmi gəlir",AB7)) -> 0.23 | M52: =IF(D52="Rəsmi gəlir",AA8,IF(D52="Qeyri rəsmi gəlir",AB8)) -> 0.256 | N52: =IF(D52="Rəsmi gəlir",AA9,IF(D52="Qeyri rəsmi gəlir",AB9)) -> 0.2855 | O52: =IF(D52="Rəsmi gəlir",AA10,IF(D52="Qeyri rəsmi gəlir",AB10)) -> 0 | P52: =IF(G52="2",H52,IF(G52="3",H52,IF(G52="4",I52,IF(G52="5",I52,IF(G52="6",I52,IF(G52="7",J52,IF(G52="8",J52,IF(G52="9",J52,IF(G52="10",K52,IF(G52="11",K52,IF(G52="12",K52,IF(G52="13",L52,IF(G52="14",L52,IF(G52="15",L52,IF(G52="16",M52,IF(G52="17",M52,IF(G52="18",M52,IF(G52="19",N52,IF(G52="20",N52,IF(G52="21",N52,IF(G52="22",O52,IF(G52="23",O52,IF(G52="24",O52))))))))))))))))))))))) -> FALSE | Q52: =F52*P52 -> 0 | R52: =IF(Q52<=0,"-",IF(Q52>0,9)) -> - | T52: =U52*S52 -> #VALUE! | U52: =F52-(F52*P52)-R52 -> #VALUE! | V52: =U52-T52 -> #VALUE!
A53: 51 | D53: Rəsmi gəlir | F53: =E53-(E53*Z13) -> 0 | H53: =IF(D53="Rəsmi gəlir",AA3,IF(D53="Qeyri rəsmi gəlir",AB3)) -> 0.07 | I53: =IF(D53="Rəsmi gəlir",AA4,IF(D53="Qeyri rəsmi gəlir",AB4)) -> 0.12 | J53: =IF(D53="Rəsmi gəlir",AA5,IF(D53="Qeyri rəsmi gəlir",AB5)) -> 0.16 | K53: =IF(D53="Rəsmi gəlir",AA6,IF(D53="Qeyri rəsmi gəlir",AB6)) -> 0.2 | L53: =IF(D53="Rəsmi gəlir",AA7,IF(D53="Qeyri rəsmi gəlir",AB7)) -> 0.23 | M53: =IF(D53="Rəsmi gəlir",AA8,IF(D53="Qeyri rəsmi gəlir",AB8)) -> 0.256 | N53: =IF(D53="Rəsmi gəlir",AA9,IF(D53="Qeyri rəsmi gəlir",AB9)) -> 0.2855 | O53: =IF(D53="Rəsmi gəlir",AA10,IF(D53="Qeyri rəsmi gəlir",AB10)) -> 0 | P53: =IF(G53="2",H53,IF(G53="3",H53,IF(G53="4",I53,IF(G53="5",I53,IF(G53="6",I53,IF(G53="7",J53,IF(G53="8",J53,IF(G53="9",J53,IF(G53="10",K53,IF(G53="11",K53,IF(G53="12",K53,IF(G53="13",L53,IF(G53="14",L53,IF(G53="15",L53,IF(G53="16",M53,IF(G53="17",M53,IF(G53="18",M53,IF(G53="19",N53,IF(G53="20",N53,IF(G53="21",N53,IF(G53="22",O53,IF(G53="23",O53,IF(G53="24",O53))))))))))))))))))))))) -> FALSE | Q53: =F53*P53 -> 0 | R53: =IF(Q53<=0,"-",IF(Q53>0,9)) -> - | T53: =U53*S53 -> #VALUE! | U53: =F53-(F53*P53)-R53 -> #VALUE! | V53: =U53-T53 -> #VALUE!
A54: 52 | D54: Rəsmi gəlir | F54: =E54-(E54*Z13) -> 0 | H54: =IF(D54="Rəsmi gəlir",AA3,IF(D54="Qeyri rəsmi gəlir",AB3)) -> 0.07 | I54: =IF(D54="Rəsmi gəlir",AA4,IF(D54="Qeyri rəsmi gəlir",AB4)) -> 0.12 | J54: =IF(D54="Rəsmi gəlir",AA5,IF(D54="Qeyri rəsmi gəlir",AB5)) -> 0.16 | K54: =IF(D54="Rəsmi gəlir",AA6,IF(D54="Qeyri rəsmi gəlir",AB6)) -> 0.2 | L54: =IF(D54="Rəsmi gəlir",AA7,IF(D54="Qeyri rəsmi gəlir",AB7)) -> 0.23 | M54: =IF(D54="Rəsmi gəlir",AA8,IF(D54="Qeyri rəsmi gəlir",AB8)) -> 0.256 | N54: =IF(D54="Rəsmi gəlir",AA9,IF(D54="Qeyri rəsmi gəlir",AB9)) -> 0.2855 | O54: =IF(D54="Rəsmi gəlir",AA10,IF(D54="Qeyri rəsmi gəlir",AB10)) -> 0 | P54: =IF(G54="2",H54,IF(G54="3",H54,IF(G54="4",I54,IF(G54="5",I54,IF(G54="6",I54,IF(G54="7",J54,IF(G54="8",J54,IF(G54="9",J54,IF(G54="10",K54,IF(G54="11",K54,IF(G54="12",K54,IF(G54="13",L54,IF(G54="14",L54,IF(G54="15",L54,IF(G54="16",M54,IF(G54="17",M54,IF(G54="18",M54,IF(G54="19",N54,IF(G54="20",N54,IF(G54="21",N54,IF(G54="22",O54,IF(G54="23",O54,IF(G54="24",O54))))))))))))))))))))))) -> FALSE | Q54: =F54*P54 -> 0 | R54: =IF(Q54<=0,"-",IF(Q54>0,9)) -> - | T54: =U54*S54 -> #VALUE! | U54: =F54-(F54*P54)-R54 -> #VALUE! | V54: =U54-T54 -> #VALUE!
A55: 53 | D55: Rəsmi gəlir | F55: =E55-(E55*Z13) -> 0 | H55: =IF(D55="Rəsmi gəlir",AA3,IF(D55="Qeyri rəsmi gəlir",AB3)) -> 0.07 | I55: =IF(D55="Rəsmi gəlir",AA4,IF(D55="Qeyri rəsmi gəlir",AB4)) -> 0.12 | J55: =IF(D55="Rəsmi gəlir",AA5,IF(D55="Qeyri rəsmi gəlir",AB5)) -> 0.16 | K55: =IF(D55="Rəsmi gəlir",AA6,IF(D55="Qeyri rəsmi gəlir",AB6)) -> 0.2 | L55: =IF(D55="Rəsmi gəlir",AA7,IF(D55="Qeyri rəsmi gəlir",AB7)) -> 0.23 | M55: =IF(D55="Rəsmi gəlir",AA8,IF(D55="Qeyri rəsmi gəlir",AB8)) -> 0.256 | N55: =IF(D55="Rəsmi gəlir",AA9,IF(D55="Qeyri rəsmi gəlir",AB9)) -> 0.2855 | O55: =IF(D55="Rəsmi gəlir",AA10,IF(D55="Qeyri rəsmi gəlir",AB10)) -> 0 | P55: =IF(G55="2",H55,IF(G55="3",H55,IF(G55="4",I55,IF(G55="5",I55,IF(G55="6",I55,IF(G55="7",J55,IF(G55="8",J55,IF(G55="9",J55,IF(G55="10",K55,IF(G55="11",K55,IF(G55="12",K55,IF(G55="13",L55,IF(G55="14",L55,IF(G55="15",L55,IF(G55="16",M55,IF(G55="17",M55,IF(G55="18",M55,IF(G55="19",N55,IF(G55="20",N55,IF(G55="21",N55,IF(G55="22",O55,IF(G55="23",O55,IF(G55="24",O55))))))))))))))))))))))) -> FALSE | Q55: =F55*P55 -> 0 | R55: =IF(Q55<=0,"-",IF(Q55>0,9)) -> - | T55: =U55*S55 -> #VALUE! | U55: =F55-(F55*P55)-R55 -> #VALUE! | V55: =U55-T55 -> #VALUE!
A56: 54 | D56: Rəsmi gəlir | F56: =E56-(E56*Z13) -> 0 | H56: =IF(D56="Rəsmi gəlir",AA3,IF(D56="Qeyri rəsmi gəlir",AB3)) -> 0.07 | I56: =IF(D56="Rəsmi gəlir",AA4,IF(D56="Qeyri rəsmi gəlir",AB4)) -> 0.12 | J56: =IF(D56="Rəsmi gəlir",AA5,IF(D56="Qeyri rəsmi gəlir",AB5)) -> 0.16 | K56: =IF(D56="Rəsmi gəlir",AA6,IF(D56="Qeyri rəsmi gəlir",AB6)) -> 0.2 | L56: =IF(D56="Rəsmi gəlir",AA7,IF(D56="Qeyri rəsmi gəlir",AB7)) -> 0.23 | M56: =IF(D56="Rəsmi gəlir",AA8,IF(D56="Qeyri rəsmi gəlir",AB8)) -> 0.256 | N56: =IF(D56="Rəsmi gəlir",AA9,IF(D56="Qeyri rəsmi gəlir",AB9)) -> 0.2855 | O56: =IF(D56="Rəsmi gəlir",AA10,IF(D56="Qeyri rəsmi gəlir",AB10)) -> 0 | P56: =IF(G56="2",H56,IF(G56="3",H56,IF(G56="4",I56,IF(G56="5",I56,IF(G56="6",I56,IF(G56="7",J56,IF(G56="8",J56,IF(G56="9",J56,IF(G56="10",K56,IF(G56="11",K56,IF(G56="12",K56,IF(G56="13",L56,IF(G56="14",L56,IF(G56="15",L56,IF(G56="16",M56,IF(G56="17",M56,IF(G56="18",M56,IF(G56="19",N56,IF(G56="20",N56,IF(G56="21",N56,IF(G56="22",O56,IF(G56="23",O56,IF(G56="24",O56))))))))))))))))))))))) -> FALSE | Q56: =F56*P56 -> 0 | R56: =IF(Q56<=0,"-",IF(Q56>0,9)) -> - | T56: =U56*S56 -> #VALUE! | U56: =F56-(F56*P56)-R56 -> #VALUE! | V56: =U56-T56 -> #VALUE!
A57: 55 | D57: Rəsmi gəlir | F57: =E57-(E57*Z13) -> 0 | H57: =IF(D57="Rəsmi gəlir",AA3,IF(D57="Qeyri rəsmi gəlir",AB3)) -> 0.07 | I57: =IF(D57="Rəsmi gəlir",AA4,IF(D57="Qeyri rəsmi gəlir",AB4)) -> 0.12 | J57: =IF(D57="Rəsmi gəlir",AA5,IF(D57="Qeyri rəsmi gəlir",AB5)) -> 0.16 | K57: =IF(D57="Rəsmi gəlir",AA6,IF(D57="Qeyri rəsmi gəlir",AB6)) -> 0.2 | L57: =IF(D57="Rəsmi gəlir",AA7,IF(D57="Qeyri rəsmi gəlir",AB7)) -> 0.23 | M57: =IF(D57="Rəsmi gəlir",AA8,IF(D57="Qeyri rəsmi gəlir",AB8)) -> 0.256 | N57: =IF(D57="Rəsmi gəlir",AA9,IF(D57="Qeyri rəsmi gəlir",AB9)) -> 0.2855 | O57: =IF(D57="Rəsmi gəlir",AA10,IF(D57="Qeyri rəsmi gəlir",AB10)) -> 0 | P57: =IF(G57="2",H57,IF(G57="3",H57,IF(G57="4",I57,IF(G57="5",I57,IF(G57="6",I57,IF(G57="7",J57,IF(G57="8",J57,IF(G57="9",J57,IF(G57="10",K57,IF(G57="11",K57,IF(G57="12",K57,IF(G57="13",L57,IF(G57="14",L57,IF(G57="15",L57,IF(G57="16",M57,IF(G57="17",M57,IF(G57="18",M57,IF(G57="19",N57,IF(G57="20",N57,IF(G57="21",N57,IF(G57="22",O57,IF(G57="23",O57,IF(G57="24",O57))))))))))))))))))))))) -> FALSE | Q57: =F57*P57 -> 0 | R57: =IF(Q57<=0,"-",IF(Q57>0,9)) -> - | T57: =U57*S57 -> #VALUE! | U57: =F57-(F57*P57)-R57 -> #VALUE! | V57: =U57-T57 -> #VALUE!
A58: 56 | D58: Rəsmi gəlir | F58: =E58-(E58*Z13) -> 0 | H58: =IF(D58="Rəsmi gəlir",AA3,IF(D58="Qeyri rəsmi gəlir",AB3)) -> 0.07 | I58: =IF(D58="Rəsmi gəlir",AA4,IF(D58="Qeyri rəsmi gəlir",AB4)) -> 0.12 | J58: =IF(D58="Rəsmi gəlir",AA5,IF(D58="Qeyri rəsmi gəlir",AB5)) -> 0.16 | K58: =IF(D58="Rəsmi gəlir",AA6,IF(D58="Qeyri rəsmi gəlir",AB6)) -> 0.2 | L58: =IF(D58="Rəsmi gəlir",AA7,IF(D58="Qeyri rəsmi gəlir",AB7)) -> 0.23 | M58: =IF(D58="Rəsmi gəlir",AA8,IF(D58="Qeyri rəsmi gəlir",AB8)) -> 0.256 | N58: =IF(D58="Rəsmi gəlir",AA9,IF(D58="Qeyri rəsmi gəlir",AB9)) -> 0.2855 | O58: =IF(D58="Rəsmi gəlir",AA10,IF(D58="Qeyri rəsmi gəlir",AB10)) -> 0 | P58: =IF(G58="2",H58,IF(G58="3",H58,IF(G58="4",I58,IF(G58="5",I58,IF(G58="6",I58,IF(G58="7",J58,IF(G58="8",J58,IF(G58="9",J58,IF(G58="10",K58,IF(G58="11",K58,IF(G58="12",K58,IF(G58="13",L58,IF(G58="14",L58,IF(G58="15",L58,IF(G58="16",M58,IF(G58="17",M58,IF(G58="18",M58,IF(G58="19",N58,IF(G58="20",N58,IF(G58="21",N58,IF(G58="22",O58,IF(G58="23",O58,IF(G58="24",O58))))))))))))))))))))))) -> FALSE | Q58: =F58*P58 -> 0 | R58: =IF(Q58<=0,"-",IF(Q58>0,9)) -> - | T58: =U58*S58 -> #VALUE! | U58: =F58-(F58*P58)-R58 -> #VALUE! | V58: =U58-T58 -> #VALUE!
A59: 57 | D59: Rəsmi gəlir | F59: =E59-(E59*Z13) -> 0 | H59: =IF(D59="Rəsmi gəlir",AA3,IF(D59="Qeyri rəsmi gəlir",AB3)) -> 0.07 | I59: =IF(D59="Rəsmi gəlir",AA4,IF(D59="Qeyri rəsmi gəlir",AB4)) -> 0.12 | J59: =IF(D59="Rəsmi gəlir",AA5,IF(D59="Qeyri rəsmi gəlir",AB5)) -> 0.16 | K59: =IF(D59="Rəsmi gəlir",AA6,IF(D59="Qeyri rəsmi gəlir",AB6)) -> 0.2 | L59: =IF(D59="Rəsmi gəlir",AA7,IF(D59="Qeyri rəsmi gəlir",AB7)) -> 0.23 | M59: =IF(D59="Rəsmi gəlir",AA8,IF(D59="Qeyri rəsmi gəlir",AB8)) -> 0.256 | N59: =IF(D59="Rəsmi gəlir",AA9,IF(D59="Qeyri rəsmi gəlir",AB9)) -> 0.2855 | O59: =IF(D59="Rəsmi gəlir",AA10,IF(D59="Qeyri rəsmi gəlir",AB10)) -> 0 | P59: =IF(G59="2",H59,IF(G59="3",H59,IF(G59="4",I59,IF(G59="5",I59,IF(G59="6",I59,IF(G59="7",J59,IF(G59="8",J59,IF(G59="9",J59,IF(G59="10",K59,IF(G59="11",K59,IF(G59="12",K59,IF(G59="13",L59,IF(G59="14",L59,IF(G59="15",L59,IF(G59="16",M59,IF(G59="17",M59,IF(G59="18",M59,IF(G59="19",N59,IF(G59="20",N59,IF(G59="21",N59,IF(G59="22",O59,IF(G59="23",O59,IF(G59="24",O59))))))))))))))))))))))) -> FALSE | Q59: =F59*P59 -> 0 | R59: =IF(Q59<=0,"-",IF(Q59>0,9)) -> - | T59: =U59*S59 -> #VALUE! | U59: =F59-(F59*P59)-R59 -> #VALUE! | V59: =U59-T59 -> #VALUE!
A60: 58 | D60: Rəsmi gəlir | F60: =E60-(E60*Z13) -> 0 | H60: =IF(D60="Rəsmi gəlir",AA3,IF(D60="Qeyri rəsmi gəlir",AB3)) -> 0.07 | I60: =IF(D60="Rəsmi gəlir",AA4,IF(D60="Qeyri rəsmi gəlir",AB4)) -> 0.12 | J60: =IF(D60="Rəsmi gəlir",AA5,IF(D60="Qeyri rəsmi gəlir",AB5)) -> 0.16 | K60: =IF(D60="Rəsmi gəlir",AA6,IF(D60="Qeyri rəsmi gəlir",AB6)) -> 0.2 | L60: =IF(D60="Rəsmi gəlir",AA7,IF(D60="Qeyri rəsmi gəlir",AB7)) -> 0.23 | M60: =IF(D60="Rəsmi gəlir",AA8,IF(D60="Qeyri rəsmi gəlir",AB8)) -> 0.256 | N60: =IF(D60="Rəsmi gəlir",AA9,IF(D60="Qeyri rəsmi gəlir",AB9)) -> 0.2855 | O60: =IF(D60="Rəsmi gəlir",AA10,IF(D60="Qeyri rəsmi gəlir",AB10)) -> 0 | P60: =IF(G60="2",H60,IF(G60="3",H60,IF(G60="4",I60,IF(G60="5",I60,IF(G60="6",I60,IF(G60="7",J60,IF(G60="8",J60,IF(G60="9",J60,IF(G60="10",K60,IF(G60="11",K60,IF(G60="12",K60,IF(G60="13",L60,IF(G60="14",L60,IF(G60="15",L60,IF(G60="16",M60,IF(G60="17",M60,IF(G60="18",M60,IF(G60="19",N60,IF(G60="20",N60,IF(G60="21",N60,IF(G60="22",O60,IF(G60="23",O60,IF(G60="24",O60))))))))))))))))))))))) -> FALSE | Q60: =F60*P60 -> 0 | R60: =IF(Q60<=0,"-",IF(Q60>0,9)) -> - | T60: =U60*S60 -> #VALUE! | U60: =F60-(F60*P60)-R60 -> #VALUE! | V60: =U60-T60 -> #VALUE!
A61: 59 | D61: Rəsmi gəlir | F61: =E61-(E61*Z13) -> 0 | H61: =IF(D61="Rəsmi gəlir",AA3,IF(D61="Qeyri rəsmi gəlir",AB3)) -> 0.07 | I61: =IF(D61="Rəsmi gəlir",AA4,IF(D61="Qeyri rəsmi gəlir",AB4)) -> 0.12 | J61: =IF(D61="Rəsmi gəlir",AA5,IF(D61="Qeyri rəsmi gəlir",AB5)) -> 0.16 | K61: =IF(D61="Rəsmi gəlir",AA6,IF(D61="Qeyri rəsmi gəlir",AB6)) -> 0.2 | L61: =IF(D61="Rəsmi gəlir",AA7,IF(D61="Qeyri rəsmi gəlir",AB7)) -> 0.23 | M61: =IF(D61="Rəsmi gəlir",AA8,IF(D61="Qeyri rəsmi gəlir",AB8)) -> 0.256 | N61: =IF(D61="Rəsmi gəlir",AA9,IF(D61="Qeyri rəsmi gəlir",AB9)) -> 0.2855 | O61: =IF(D61="Rəsmi gəlir",AA10,IF(D61="Qeyri rəsmi gəlir",AB10)) -> 0 | P61: =IF(G61="2",H61,IF(G61="3",H61,IF(G61="4",I61,IF(G61="5",I61,IF(G61="6",I61,IF(G61="7",J61,IF(G61="8",J61,IF(G61="9",J61,IF(G61="10",K61,IF(G61="11",K61,IF(G61="12",K61,IF(G61="13",L61,IF(G61="14",L61,IF(G61="15",L61,IF(G61="16",M61,IF(G61="17",M61,IF(G61="18",M61,IF(G61="19",N61,IF(G61="20",N61,IF(G61="21",N61,IF(G61="22",O61,IF(G61="23",O61,IF(G61="24",O61))))))))))))))))))))))) -> FALSE | Q61: =F61*P61 -> 0 | R61: =IF(Q61<=0,"-",IF(Q61>0,9)) -> - | T61: =U61*S61 -> #VALUE! | U61: =F61-(F61*P61)-R61 -> #VALUE! | V61: =U61-T61 -> #VALUE!
A62: 60 | D62: Rəsmi gəlir | F62: =E62-(E62*Z13) -> 0 | H62: =IF(D62="Rəsmi gəlir",AA3,IF(D62="Qeyri rəsmi gəlir",AB3)) -> 0.07 | I62: =IF(D62="Rəsmi gəlir",AA4,IF(D62="Qeyri rəsmi gəlir",AB4)) -> 0.12 | J62: =IF(D62="Rəsmi gəlir",AA5,IF(D62="Qeyri rəsmi gəlir",AB5)) -> 0.16 | K62: =IF(D62="Rəsmi gəlir",AA6,IF(D62="Qeyri rəsmi gəlir",AB6)) -> 0.2 | L62: =IF(D62="Rəsmi gəlir",AA7,IF(D62="Qeyri rəsmi gəlir",AB7)) -> 0.23 | M62: =IF(D62="Rəsmi gəlir",AA8,IF(D62="Qeyri rəsmi gəlir",AB8)) -> 0.256 | N62: =IF(D62="Rəsmi gəlir",AA9,IF(D62="Qeyri rəsmi gəlir",AB9)) -> 0.2855 | O62: =IF(D62="Rəsmi gəlir",AA10,IF(D62="Qeyri rəsmi gəlir",AB10)) -> 0 | P62: =IF(G62="2",H62,IF(G62="3",H62,IF(G62="4",I62,IF(G62="5",I62,IF(G62="6",I62,IF(G62="7",J62,IF(G62="8",J62,IF(G62="9",J62,IF(G62="10",K62,IF(G62="11",K62,IF(G62="12",K62,IF(G62="13",L62,IF(G62="14",L62,IF(G62="15",L62,IF(G62="16",M62,IF(G62="17",M62,IF(G62="18",M62,IF(G62="19",N62,IF(G62="20",N62,IF(G62="21",N62,IF(G62="22",O62,IF(G62="23",O62,IF(G62="24",O62))))))))))))))))))))))) -> FALSE | Q62: =F62*P62 -> 0 | R62: =IF(Q62<=0,"-",IF(Q62>0,9)) -> - | T62: =U62*S62 -> #VALUE! | U62: =F62-(F62*P62)-R62 -> #VALUE! | V62: =U62-T62 -> #VALUE!
A63: 61 | D63: Rəsmi gəlir | F63: =E63-(E63*Z13) -> 0 | H63: =IF(D63="Rəsmi gəlir",AA3,IF(D63="Qeyri rəsmi gəlir",AB3)) -> 0.07 | I63: =IF(D63="Rəsmi gəlir",AA4,IF(D63="Qeyri rəsmi gəlir",AB4)) -> 0.12 | J63: =IF(D63="Rəsmi gəlir",AA5,IF(D63="Qeyri rəsmi gəlir",AB5)) -> 0.16 | K63: =IF(D63="Rəsmi gəlir",AA6,IF(D63="Qeyri rəsmi gəlir",AB6)) -> 0.2 | L63: =IF(D63="Rəsmi gəlir",AA7,IF(D63="Qeyri rəsmi gəlir",AB7)) -> 0.23 | M63: =IF(D63="Rəsmi gəlir",AA8,IF(D63="Qeyri rəsmi gəlir",AB8)) -> 0.256 | N63: =IF(D63="Rəsmi gəlir",AA9,IF(D63="Qeyri rəsmi gəlir",AB9)) -> 0.2855 | O63: =IF(D63="Rəsmi gəlir",AA10,IF(D63="Qeyri rəsmi gəlir",AB10)) -> 0 | P63: =IF(G63="2",H63,IF(G63="3",H63,IF(G63="4",I63,IF(G63="5",I63,IF(G63="6",I63,IF(G63="7",J63,IF(G63="8",J63,IF(G63="9",J63,IF(G63="10",K63,IF(G63="11",K63,IF(G63="12",K63,IF(G63="13",L63,IF(G63="14",L63,IF(G63="15",L63,IF(G63="16",M63,IF(G63="17",M63,IF(G63="18",M63,IF(G63="19",N63,IF(G63="20",N63,IF(G63="21",N63,IF(G63="22",O63,IF(G63="23",O63,IF(G63="24",O63))))))))))))))))))))))) -> FALSE | Q63: =F63*P63 -> 0 | R63: =IF(Q63<=0,"-",IF(Q63>0,9)) -> - | T63: =U63*S63 -> #VALUE! | U63: =F63-(F63*P63)-R63 -> #VALUE! | V63: =U63-T63 -> #VALUE!
A64: 62 | D64: Rəsmi gəlir | F64: =E64-(E64*Z13) -> 0 | H64: =IF(D64="Rəsmi gəlir",AA3,IF(D64="Qeyri rəsmi gəlir",AB3)) -> 0.07 | I64: =IF(D64="Rəsmi gəlir",AA4,IF(D64="Qeyri rəsmi gəlir",AB4)) -> 0.12 | J64: =IF(D64="Rəsmi gəlir",AA5,IF(D64="Qeyri rəsmi gəlir",AB5)) -> 0.16 | K64: =IF(D64="Rəsmi gəlir",AA6,IF(D64="Qeyri rəsmi gəlir",AB6)) -> 0.2 | L64: =IF(D64="Rəsmi gəlir",AA7,IF(D64="Qeyri rəsmi gəlir",AB7)) -> 0.23 | M64: =IF(D64="Rəsmi gəlir",AA8,IF(D64="Qeyri rəsmi gəlir",AB8)) -> 0.256 | N64: =IF(D64="Rəsmi gəlir",AA9,IF(D64="Qeyri rəsmi gəlir",AB9)) -> 0.2855 | O64: =IF(D64="Rəsmi gəlir",AA10,IF(D64="Qeyri rəsmi gəlir",AB10)) -> 0 | P64: =IF(G64="2",H64,IF(G64="3",H64,IF(G64="4",I64,IF(G64="5",I64,IF(G64="6",I64,IF(G64="7",J64,IF(G64="8",J64,IF(G64="9",J64,IF(G64="10",K64,IF(G64="11",K64,IF(G64="12",K64,IF(G64="13",L64,IF(G64="14",L64,IF(G64="15",L64,IF(G64="16",M64,IF(G64="17",M64,IF(G64="18",M64,IF(G64="19",N64,IF(G64="20",N64,IF(G64="21",N64,IF(G64="22",O64,IF(G64="23",O64,IF(G64="24",O64))))))))))))))))))))))) -> FALSE | Q64: =F64*P64 -> 0 | R64: =IF(Q64<=0,"-",IF(Q64>0,9)) -> - | T64: =U64*S64 -> #VALUE! | U64: =F64-(F64*P64)-R64 -> #VALUE! | V64: =U64-T64 -> #VALUE!
A65: 63 | D65: Rəsmi gəlir | F65: =E65-(E65*Z13) -> 0 | H65: =IF(D65="Rəsmi gəlir",AA3,IF(D65="Qeyri rəsmi gəlir",AB3)) -> 0.07 | I65: =IF(D65="Rəsmi gəlir",AA4,IF(D65="Qeyri rəsmi gəlir",AB4)) -> 0.12 | J65: =IF(D65="Rəsmi gəlir",AA5,IF(D65="Qeyri rəsmi gəlir",AB5)) -> 0.16 | K65: =IF(D65="Rəsmi gəlir",AA6,IF(D65="Qeyri rəsmi gəlir",AB6)) -> 0.2 | L65: =IF(D65="Rəsmi gəlir",AA7,IF(D65="Qeyri rəsmi gəlir",AB7)) -> 0.23 | M65: =IF(D65="Rəsmi gəlir",AA8,IF(D65="Qeyri rəsmi gəlir",AB8)) -> 0.256 | N65: =IF(D65="Rəsmi gəlir",AA9,IF(D65="Qeyri rəsmi gəlir",AB9)) -> 0.2855 | O65: =IF(D65="Rəsmi gəlir",AA10,IF(D65="Qeyri rəsmi gəlir",AB10)) -> 0 | P65: =IF(G65="2",H65,IF(G65="3",H65,IF(G65="4",I65,IF(G65="5",I65,IF(G65="6",I65,IF(G65="7",J65,IF(G65="8",J65,IF(G65="9",J65,IF(G65="10",K65,IF(G65="11",K65,IF(G65="12",K65,IF(G65="13",L65,IF(G65="14",L65,IF(G65="15",L65,IF(G65="16",M65,IF(G65="17",M65,IF(G65="18",M65,IF(G65="19",N65,IF(G65="20",N65,IF(G65="21",N65,IF(G65="22",O65,IF(G65="23",O65,IF(G65="24",O65))))))))))))))))))))))) -> FALSE | Q65: =F65*P65 -> 0 | R65: =IF(Q65<=0,"-",IF(Q65>0,9)) -> - | T65: =U65*S65 -> #VALUE! | U65: =F65-(F65*P65)-R65 -> #VALUE! | V65: =U65-T65 -> #VALUE!
A66: 64 | D66: Rəsmi gəlir | F66: =E66-(E66*Z13) -> 0 | H66: =IF(D66="Rəsmi gəlir",AA3,IF(D66="Qeyri rəsmi gəlir",AB3)) -> 0.07 | I66: =IF(D66="Rəsmi gəlir",AA4,IF(D66="Qeyri rəsmi gəlir",AB4)) -> 0.12 | J66: =IF(D66="Rəsmi gəlir",AA5,IF(D66="Qeyri rəsmi gəlir",AB5)) -> 0.16 | K66: =IF(D66="Rəsmi gəlir",AA6,IF(D66="Qeyri rəsmi gəlir",AB6)) -> 0.2 | L66: =IF(D66="Rəsmi gəlir",AA7,IF(D66="Qeyri rəsmi gəlir",AB7)) -> 0.23 | M66: =IF(D66="Rəsmi gəlir",AA8,IF(D66="Qeyri rəsmi gəlir",AB8)) -> 0.256 | N66: =IF(D66="Rəsmi gəlir",AA9,IF(D66="Qeyri rəsmi gəlir",AB9)) -> 0.2855 | O66: =IF(D66="Rəsmi gəlir",AA10,IF(D66="Qeyri rəsmi gəlir",AB10)) -> 0 | P66: =IF(G66="2",H66,IF(G66="3",H66,IF(G66="4",I66,IF(G66="5",I66,IF(G66="6",I66,IF(G66="7",J66,IF(G66="8",J66,IF(G66="9",J66,IF(G66="10",K66,IF(G66="11",K66,IF(G66="12",K66,IF(G66="13",L66,IF(G66="14",L66,IF(G66="15",L66,IF(G66="16",M66,IF(G66="17",M66,IF(G66="18",M66,IF(G66="19",N66,IF(G66="20",N66,IF(G66="21",N66,IF(G66="22",O66,IF(G66="23",O66,IF(G66="24",O66))))))))))))))))))))))) -> FALSE | Q66: =F66*P66 -> 0 | R66: =IF(Q66<=0,"-",IF(Q66>0,9)) -> - | T66: =U66*S66 -> #VALUE! | U66: =F66-(F66*P66)-R66 -> #VALUE! | V66: =U66-T66 -> #VALUE!
A67: 65 | D67: Rəsmi gəlir | F67: =E67-(E67*Z13) -> 0 | H67: =IF(D67="Rəsmi gəlir",AA3,IF(D67="Qeyri rəsmi gəlir",AB3)) -> 0.07 | I67: =IF(D67="Rəsmi gəlir",AA4,IF(D67="Qeyri rəsmi gəlir",AB4)) -> 0.12 | J67: =IF(D67="Rəsmi gəlir",AA5,IF(D67="Qeyri rəsmi gəlir",AB5)) -> 0.16 | K67: =IF(D67="Rəsmi gəlir",AA6,IF(D67="Qeyri rəsmi gəlir",AB6)) -> 0.2 | L67: =IF(D67="Rəsmi gəlir",AA7,IF(D67="Qeyri rəsmi gəlir",AB7)) -> 0.23 | M67: =IF(D67="Rəsmi gəlir",AA8,IF(D67="Qeyri rəsmi gəlir",AB8)) -> 0.256 | N67: =IF(D67="Rəsmi gəlir",AA9,IF(D67="Qeyri rəsmi gəlir",AB9)) -> 0.2855 | O67: =IF(D67="Rəsmi gəlir",AA10,IF(D67="Qeyri rəsmi gəlir",AB10)) -> 0 | P67: =IF(G67="2",H67,IF(G67="3",H67,IF(G67="4",I67,IF(G67="5",I67,IF(G67="6",I67,IF(G67="7",J67,IF(G67="8",J67,IF(G67="9",J67,IF(G67="10",K67,IF(G67="11",K67,IF(G67="12",K67,IF(G67="13",L67,IF(G67="14",L67,IF(G67="15",L67,IF(G67="16",M67,IF(G67="17",M67,IF(G67="18",M67,IF(G67="19",N67,IF(G67="20",N67,IF(G67="21",N67,IF(G67="22",O67,IF(G67="23",O67,IF(G67="24",O67))))))))))))))))))))))) -> FALSE | Q67: =F67*P67 -> 0 | R67: =IF(Q67<=0,"-",IF(Q67>0,9)) -> - | T67: =U67*S67 -> #VALUE! | U67: =F67-(F67*P67)-R67 -> #VALUE! | V67: =U67-T67 -> #VALUE!
A68: 66 | D68: Rəsmi gəlir | F68: =E68-(E68*Z13) -> 0 | H68: =IF(D68="Rəsmi gəlir",AA3,IF(D68="Qeyri rəsmi gəlir",AB3)) -> 0.07 | I68: =IF(D68="Rəsmi gəlir",AA4,IF(D68="Qeyri rəsmi gəlir",AB4)) -> 0.12 | J68: =IF(D68="Rəsmi gəlir",AA5,IF(D68="Qeyri rəsmi gəlir",AB5)) -> 0.16 | K68: =IF(D68="Rəsmi gəlir",AA6,IF(D68="Qeyri rəsmi gəlir",AB6)) -> 0.2 | L68: =IF(D68="Rəsmi gəlir",AA7,IF(D68="Qeyri rəsmi gəlir",AB7)) -> 0.23 | M68: =IF(D68="Rəsmi gəlir",AA8,IF(D68="Qeyri rəsmi gəlir",AB8)) -> 0.256 | N68: =IF(D68="Rəsmi gəlir",AA9,IF(D68="Qeyri rəsmi gəlir",AB9)) -> 0.2855 | O68: =IF(D68="Rəsmi gəlir",AA10,IF(D68="Qeyri rəsmi gəlir",AB10)) -> 0 | P68: =IF(G68="2",H68,IF(G68="3",H68,IF(G68="4",I68,IF(G68="5",I68,IF(G68="6",I68,IF(G68="7",J68,IF(G68="8",J68,IF(G68="9",J68,IF(G68="10",K68,IF(G68="11",K68,IF(G68="12",K68,IF(G68="13",L68,IF(G68="14",L68,IF(G68="15",L68,IF(G68="16",M68,IF(G68="17",M68,IF(G68="18",M68,IF(G68="19",N68,IF(G68="20",N68,IF(G68="21",N68,IF(G68="22",O68,IF(G68="23",O68,IF(G68="24",O68))))))))))))))))))))))) -> FALSE | Q68: =F68*P68 -> 0 | R68: =IF(Q68<=0,"-",IF(Q68>0,9)) -> - | T68: =U68*S68 -> #VALUE! | U68: =F68-(F68*P68)-R68 -> #VALUE! | V68: =U68-T68 -> #VALUE!
A69: 67 | D69: Rəsmi gəlir | F69: =E69-(E69*Z13) -> 0 | H69: =IF(D69="Rəsmi gəlir",AA3,IF(D69="Qeyri rəsmi gəlir",AB3)) -> 0.07 | I69: =IF(D69="Rəsmi gəlir",AA4,IF(D69="Qeyri rəsmi gəlir",AB4)) -> 0.12 | J69: =IF(D69="Rəsmi gəlir",AA5,IF(D69="Qeyri rəsmi gəlir",AB5)) -> 0.16 | K69: =IF(D69="Rəsmi gəlir",AA6,IF(D69="Qeyri rəsmi gəlir",AB6)) -> 0.2 | L69: =IF(D69="Rəsmi gəlir",AA7,IF(D69="Qeyri rəsmi gəlir",AB7)) -> 0.23 | M69: =IF(D69="Rəsmi gəlir",AA8,IF(D69="Qeyri rəsmi gəlir",AB8)) -> 0.256 | N69: =IF(D69="Rəsmi gəlir",AA9,IF(D69="Qeyri rəsmi gəlir",AB9)) -> 0.2855 | O69: =IF(D69="Rəsmi gəlir",AA10,IF(D69="Qeyri rəsmi gəlir",AB10)) -> 0 | P69: =IF(G69="2",H69,IF(G69="3",H69,IF(G69="4",I69,IF(G69="5",I69,IF(G69="6",I69,IF(G69="7",J69,IF(G69="8",J69,IF(G69="9",J69,IF(G69="10",K69,IF(G69="11",K69,IF(G69="12",K69,IF(G69="13",L69,IF(G69="14",L69,IF(G69="15",L69,IF(G69="16",M69,IF(G69="17",M69,IF(G69="18",M69,IF(G69="19",N69,IF(G69="20",N69,IF(G69="21",N69,IF(G69="22",O69,IF(G69="23",O69,IF(G69="24",O69))))))))))))))))))))))) -> FALSE | Q69: =F69*P69 -> 0 | R69: =IF(Q69<=0,"-",IF(Q69>0,9)) -> - | T69: =U69*S69 -> #VALUE! | U69: =F69-(F69*P69)-R69 -> #VALUE! | V69: =U69-T69 -> #VALUE!
A70: 68 | D70: Rəsmi gəlir | F70: =E70-(E70*Z13) -> 0 | H70: =IF(D70="Rəsmi gəlir",AA3,IF(D70="Qeyri rəsmi gəlir",AB3)) -> 0.07 | I70: =IF(D70="Rəsmi gəlir",AA4,IF(D70="Qeyri rəsmi gəlir",AB4)) -> 0.12 | J70: =IF(D70="Rəsmi gəlir",AA5,IF(D70="Qeyri rəsmi gəlir",AB5)) -> 0.16 | K70: =IF(D70="Rəsmi gəlir",AA6,IF(D70="Qeyri rəsmi gəlir",AB6)) -> 0.2 | L70: =IF(D70="Rəsmi gəlir",AA7,IF(D70="Qeyri rəsmi gəlir",AB7)) -> 0.23 | M70: =IF(D70="Rəsmi gəlir",AA8,IF(D70="Qeyri rəsmi gəlir",AB8)) -> 0.256 | N70: =IF(D70="Rəsmi gəlir",AA9,IF(D70="Qeyri rəsmi gəlir",AB9)) -> 0.2855 | O70: =IF(D70="Rəsmi gəlir",AA10,IF(D70="Qeyri rəsmi gəlir",AB10)) -> 0 | P70: =IF(G70="2",H70,IF(G70="3",H70,IF(G70="4",I70,IF(G70="5",I70,IF(G70="6",I70,IF(G70="7",J70,IF(G70="8",J70,IF(G70="9",J70,IF(G70="10",K70,IF(G70="11",K70,IF(G70="12",K70,IF(G70="13",L70,IF(G70="14",L70,IF(G70="15",L70,IF(G70="16",M70,IF(G70="17",M70,IF(G70="18",M70,IF(G70="19",N70,IF(G70="20",N70,IF(G70="21",N70,IF(G70="22",O70,IF(G70="23",O70,IF(G70="24",O70))))))))))))))))))))))) -> FALSE | Q70: =F70*P70 -> 0 | R70: =IF(Q70<=0,"-",IF(Q70>0,9)) -> - | T70: =U70*S70 -> #VALUE! | U70: =F70-(F70*P70)-R70 -> #VALUE! | V70: =U70-T70 -> #VALUE!
A71: 69 | D71: Rəsmi gəlir | F71: =E71-(E71*Z13) -> 0 | H71: =IF(D71="Rəsmi gəlir",AA3,IF(D71="Qeyri rəsmi gəlir",AB3)) -> 0.07 | I71: =IF(D71="Rəsmi gəlir",AA4,IF(D71="Qeyri rəsmi gəlir",AB4)) -> 0.12 | J71: =IF(D71="Rəsmi gəlir",AA5,IF(D71="Qeyri rəsmi gəlir",AB5)) -> 0.16 | K71: =IF(D71="Rəsmi gəlir",AA6,IF(D71="Qeyri rəsmi gəlir",AB6)) -> 0.2 | L71: =IF(D71="Rəsmi gəlir",AA7,IF(D71="Qeyri rəsmi gəlir",AB7)) -> 0.23 | M71: =IF(D71="Rəsmi gəlir",AA8,IF(D71="Qeyri rəsmi gəlir",AB8)) -> 0.256 | N71: =IF(D71="Rəsmi gəlir",AA9,IF(D71="Qeyri rəsmi gəlir",AB9)) -> 0.2855 | O71: =IF(D71="Rəsmi gəlir",AA10,IF(D71="Qeyri rəsmi gəlir",AB10)) -> 0 | P71: =IF(G71="2",H71,IF(G71="3",H71,IF(G71="4",I71,IF(G71="5",I71,IF(G71="6",I71,IF(G71="7",J71,IF(G71="8",J71,IF(G71="9",J71,IF(G71="10",K71,IF(G71="11",K71,IF(G71="12",K71,IF(G71="13",L71,IF(G71="14",L71,IF(G71="15",L71,IF(G71="16",M71,IF(G71="17",M71,IF(G71="18",M71,IF(G71="19",N71,IF(G71="20",N71,IF(G71="21",N71,IF(G71="22",O71,IF(G71="23",O71,IF(G71="24",O71))))))))))))))))))))))) -> FALSE | Q71: =F71*P71 -> 0 | R71: =IF(Q71<=0,"-",IF(Q71>0,9)) -> - | T71: =U71*S71 -> #VALUE! | U71: =F71-(F71*P71)-R71 -> #VALUE! | V71: =U71-T71 -> #VALUE!
A72: 70 | D72: Rəsmi gəlir | F72: =E72-(E72*Z13) -> 0 | H72: =IF(D72="Rəsmi gəlir",AA3,IF(D72="Qeyri rəsmi gəlir",AB3)) -> 0.07 | I72: =IF(D72="Rəsmi gəlir",AA4,IF(D72="Qeyri rəsmi gəlir",AB4)) -> 0.12 | J72: =IF(D72="Rəsmi gəlir",AA5,IF(D72="Qeyri rəsmi gəlir",AB5)) -> 0.16 | K72: =IF(D72="Rəsmi gəlir",AA6,IF(D72="Qeyri rəsmi gəlir",AB6)) -> 0.2 | L72: =IF(D72="Rəsmi gəlir",AA7,IF(D72="Qeyri rəsmi gəlir",AB7)) -> 0.23 | M72: =IF(D72="Rəsmi gəlir",AA8,IF(D72="Qeyri rəsmi gəlir",AB8)) -> 0.256 | N72: =IF(D72="Rəsmi gəlir",AA9,IF(D72="Qeyri rəsmi gəlir",AB9)) -> 0.2855 | O72: =IF(D72="Rəsmi gəlir",AA10,IF(D72="Qeyri rəsmi gəlir",AB10)) -> 0 | P72: =IF(G72="2",H72,IF(G72="3",H72,IF(G72="4",I72,IF(G72="5",I72,IF(G72="6",I72,IF(G72="7",J72,IF(G72="8",J72,IF(G72="9",J72,IF(G72="10",K72,IF(G72="11",K72,IF(G72="12",K72,IF(G72="13",L72,IF(G72="14",L72,IF(G72="15",L72,IF(G72="16",M72,IF(G72="17",M72,IF(G72="18",M72,IF(G72="19",N72,IF(G72="20",N72,IF(G72="21",N72,IF(G72="22",O72,IF(G72="23",O72,IF(G72="24",O72))))))))))))))))))))))) -> FALSE | Q72: =F72*P72 -> 0 | R72: =IF(Q72<=0,"-",IF(Q72>0,9)) -> - | T72: =U72*S72 -> #VALUE! | U72: =F72-(F72*P72)-R72 -> #VALUE! | V72: =U72-T72 -> #VALUE!
A73: 71 | D73: Rəsmi gəlir | F73: =E73-(E73*Z13) -> 0 | H73: =IF(D73="Rəsmi gəlir",AA3,IF(D73="Qeyri rəsmi gəlir",AB3)) -> 0.07 | I73: =IF(D73="Rəsmi gəlir",AA4,IF(D73="Qeyri rəsmi gəlir",AB4)) -> 0.12 | J73: =IF(D73="Rəsmi gəlir",AA5,IF(D73="Qeyri rəsmi gəlir",AB5)) -> 0.16 | K73: =IF(D73="Rəsmi gəlir",AA6,IF(D73="Qeyri rəsmi gəlir",AB6)) -> 0.2 | L73: =IF(D73="Rəsmi gəlir",AA7,IF(D73="Qeyri rəsmi gəlir",AB7)) -> 0.23 | M73: =IF(D73="Rəsmi gəlir",AA8,IF(D73="Qeyri rəsmi gəlir",AB8)) -> 0.256 | N73: =IF(D73="Rəsmi gəlir",AA9,IF(D73="Qeyri rəsmi gəlir",AB9)) -> 0.2855 | O73: =IF(D73="Rəsmi gəlir",AA10,IF(D73="Qeyri rəsmi gəlir",AB10)) -> 0 | P73: =IF(G73="2",H73,IF(G73="3",H73,IF(G73="4",I73,IF(G73="5",I73,IF(G73="6",I73,IF(G73="7",J73,IF(G73="8",J73,IF(G73="9",J73,IF(G73="10",K73,IF(G73="11",K73,IF(G73="12",K73,IF(G73="13",L73,IF(G73="14",L73,IF(G73="15",L73,IF(G73="16",M73,IF(G73="17",M73,IF(G73="18",M73,IF(G73="19",N73,IF(G73="20",N73,IF(G73="21",N73,IF(G73="22",O73,IF(G73="23",O73,IF(G73="24",O73))))))))))))))))))))))) -> FALSE | Q73: =F73*P73 -> 0 | R73: =IF(Q73<=0,"-",IF(Q73>0,9)) -> - | T73: =U73*S73 -> #VALUE! | U73: =F73-(F73*P73)-R73 -> #VALUE! | V73: =U73-T73 -> #VALUE!
A74: 72 | D74: Rəsmi gəlir | F74: =E74-(E74*Z13) -> 0 | H74: =IF(D74="Rəsmi gəlir",AA3,IF(D74="Qeyri rəsmi gəlir",AB3)) -> 0.07 | I74: =IF(D74="Rəsmi gəlir",AA4,IF(D74="Qeyri rəsmi gəlir",AB4)) -> 0.12 | J74: =IF(D74="Rəsmi gəlir",AA5,IF(D74="Qeyri rəsmi gəlir",AB5)) -> 0.16 | K74: =IF(D74="Rəsmi gəlir",AA6,IF(D74="Qeyri rəsmi gəlir",AB6)) -> 0.2 | L74: =IF(D74="Rəsmi gəlir",AA7,IF(D74="Qeyri rəsmi gəlir",AB7)) -> 0.23 | M74: =IF(D74="Rəsmi gəlir",AA8,IF(D74="Qeyri rəsmi gəlir",AB8)) -> 0.256 | N74: =IF(D74="Rəsmi gəlir",AA9,IF(D74="Qeyri rəsmi gəlir",AB9)) -> 0.2855 | O74: =IF(D74="Rəsmi gəlir",AA10,IF(D74="Qeyri rəsmi gəlir",AB10)) -> 0 | P74: =IF(G74="2",H74,IF(G74="3",H74,IF(G74="4",I74,IF(G74="5",I74,IF(G74="6",I74,IF(G74="7",J74,IF(G74="8",J74,IF(G74="9",J74,IF(G74="10",K74,IF(G74="11",K74,IF(G74="12",K74,IF(G74="13",L74,IF(G74="14",L74,IF(G74="15",L74,IF(G74="16",M74,IF(G74="17",M74,IF(G74="18",M74,IF(G74="19",N74,IF(G74="20",N74,IF(G74="21",N74,IF(G74="22",O74,IF(G74="23",O74,IF(G74="24",O74))))))))))))))))))))))) -> FALSE | Q74: =F74*P74 -> 0 | R74: =IF(Q74<=0,"-",IF(Q74>0,9)) -> - | T74: =U74*S74 -> #VALUE! | U74: =F74-(F74*P74)-R74 -> #VALUE! | V74: =U74-T74 -> #VALUE!
A75: 73 | D75: Rəsmi gəlir | F75: =E75-(E75*Z13) -> 0 | H75: =IF(D75="Rəsmi gəlir",AA3,IF(D75="Qeyri rəsmi gəlir",AB3)) -> 0.07 | I75: =IF(D75="Rəsmi gəlir",AA4,IF(D75="Qeyri rəsmi gəlir",AB4)) -> 0.12 | J75: =IF(D75="Rəsmi gəlir",AA5,IF(D75="Qeyri rəsmi gəlir",AB5)) -> 0.16 | K75: =IF(D75="Rəsmi gəlir",AA6,IF(D75="Qeyri rəsmi gəlir",AB6)) -> 0.2 | L75: =IF(D75="Rəsmi gəlir",AA7,IF(D75="Qeyri rəsmi gəlir",AB7)) -> 0.23 | M75: =IF(D75="Rəsmi gəlir",AA8,IF(D75="Qeyri rəsmi gəlir",AB8)) -> 0.256 | N75: =IF(D75="Rəsmi gəlir",AA9,IF(D75="Qeyri rəsmi gəlir",AB9)) -> 0.2855 | O75: =IF(D75="Rəsmi gəlir",AA10,IF(D75="Qeyri rəsmi gəlir",AB10)) -> 0 | P75: =IF(G75="2",H75,IF(G75="3",H75,IF(G75="4",I75,IF(G75="5",I75,IF(G75="6",I75,IF(G75="7",J75,IF(G75="8",J75,IF(G75="9",J75,IF(G75="10",K75,IF(G75="11",K75,IF(G75="12",K75,IF(G75="13",L75,IF(G75="14",L75,IF(G75="15",L75,IF(G75="16",M75,IF(G75="17",M75,IF(G75="18",M75,IF(G75="19",N75,IF(G75="20",N75,IF(G75="21",N75,IF(G75="22",O75,IF(G75="23",O75,IF(G75="24",O75))))))))))))))))))))))) -> FALSE | Q75: =F75*P75 -> 0 | R75: =IF(Q75<=0,"-",IF(Q75>0,9)) -> - | T75: =U75*S75 -> #VALUE! | U75: =F75-(F75*P75)-R75 -> #VALUE! | V75: =U75-T75 -> #VALUE!
A76: 74 | D76: Rəsmi gəlir | F76: =E76-(E76*Z13) -> 0 | H76: =IF(D76="Rəsmi gəlir",AA3,IF(D76="Qeyri rəsmi gəlir",AB3)) -> 0.07 | I76: =IF(D76="Rəsmi gəlir",AA4,IF(D76="Qeyri rəsmi gəlir",AB4)) -> 0.12 | J76: =IF(D76="Rəsmi gəlir",AA5,IF(D76="Qeyri rəsmi gəlir",AB5)) -> 0.16 | K76: =IF(D76="Rəsmi gəlir",AA6,IF(D76="Qeyri rəsmi gəlir",AB6)) -> 0.2 | L76: =IF(D76="Rəsmi gəlir",AA7,IF(D76="Qeyri rəsmi gəlir",AB7)) -> 0.23 | M76: =IF(D76="Rəsmi gəlir",AA8,IF(D76="Qeyri rəsmi gəlir",AB8)) -> 0.256 | N76: =IF(D76="Rəsmi gəlir",AA9,IF(D76="Qeyri rəsmi gəlir",AB9)) -> 0.2855 | O76: =IF(D76="Rəsmi gəlir",AA10,IF(D76="Qeyri rəsmi gəlir",AB10)) -> 0 | P76: =IF(G76="2",H76,IF(G76="3",H76,IF(G76="4",I76,IF(G76="5",I76,IF(G76="6",I76,IF(G76="7",J76,IF(G76="8",J76,IF(G76="9",J76,IF(G76="10",K76,IF(G76="11",K76,IF(G76="12",K76,IF(G76="13",L76,IF(G76="14",L76,IF(G76="15",L76,IF(G76="16",M76,IF(G76="17",M76,IF(G76="18",M76,IF(G76="19",N76,IF(G76="20",N76,IF(G76="21",N76,IF(G76="22",O76,IF(G76="23",O76,IF(G76="24",O76))))))))))))))))))))))) -> FALSE | Q76: =F76*P76 -> 0 | R76: =IF(Q76<=0,"-",IF(Q76>0,9)) -> - | T76: =U76*S76 -> #VALUE! | U76: =F76-(F76*P76)-R76 -> #VALUE! | V76: =U76-T76 -> #VALUE!
A77: 75 | D77: Rəsmi gəlir | F77: =E77-(E77*Z13) -> 0 | H77: =IF(D77="Rəsmi gəlir",AA3,IF(D77="Qeyri rəsmi gəlir",AB3)) -> 0.07 | I77: =IF(D77="Rəsmi gəlir",AA4,IF(D77="Qeyri rəsmi gəlir",AB4)) -> 0.12 | J77: =IF(D77="Rəsmi gəlir",AA5,IF(D77="Qeyri rəsmi gəlir",AB5)) -> 0.16 | K77: =IF(D77="Rəsmi gəlir",AA6,IF(D77="Qeyri rəsmi gəlir",AB6)) -> 0.2 | L77: =IF(D77="Rəsmi gəlir",AA7,IF(D77="Qeyri rəsmi gəlir",AB7)) -> 0.23 | M77: =IF(D77="Rəsmi gəlir",AA8,IF(D77="Qeyri rəsmi gəlir",AB8)) -> 0.256 | N77: =IF(D77="Rəsmi gəlir",AA9,IF(D77="Qeyri rəsmi gəlir",AB9)) -> 0.2855 | O77: =IF(D77="Rəsmi gəlir",AA10,IF(D77="Qeyri rəsmi gəlir",AB10)) -> 0 | P77: =IF(G77="2",H77,IF(G77="3",H77,IF(G77="4",I77,IF(G77="5",I77,IF(G77="6",I77,IF(G77="7",J77,IF(G77="8",J77,IF(G77="9",J77,IF(G77="10",K77,IF(G77="11",K77,IF(G77="12",K77,IF(G77="13",L77,IF(G77="14",L77,IF(G77="15",L77,IF(G77="16",M77,IF(G77="17",M77,IF(G77="18",M77,IF(G77="19",N77,IF(G77="20",N77,IF(G77="21",N77,IF(G77="22",O77,IF(G77="23",O77,IF(G77="24",O77))))))))))))))))))))))) -> FALSE | Q77: =F77*P77 -> 0 | R77: =IF(Q77<=0,"-",IF(Q77>0,9)) -> - | T77: =U77*S77 -> #VALUE! | U77: =F77-(F77*P77)-R77 -> #VALUE! | V77: =U77-T77 -> #VALUE!
A78: 76 | D78: Rəsmi gəlir | F78: =E78-(E78*Z13) -> 0 | H78: =IF(D78="Rəsmi gəlir",AA3,IF(D78="Qeyri rəsmi gəlir",AB3)) -> 0.07 | I78: =IF(D78="Rəsmi gəlir",AA4,IF(D78="Qeyri rəsmi gəlir",AB4)) -> 0.12 | J78: =IF(D78="Rəsmi gəlir",AA5,IF(D78="Qeyri rəsmi gəlir",AB5)) -> 0.16 | K78: =IF(D78="Rəsmi gəlir",AA6,IF(D78="Qeyri rəsmi gəlir",AB6)) -> 0.2 | L78: =IF(D78="Rəsmi gəlir",AA7,IF(D78="Qeyri rəsmi gəlir",AB7)) -> 0.23 | M78: =IF(D78="Rəsmi gəlir",AA8,IF(D78="Qeyri rəsmi gəlir",AB8)) -> 0.256 | N78: =IF(D78="Rəsmi gəlir",AA9,IF(D78="Qeyri rəsmi gəlir",AB9)) -> 0.2855 | O78: =IF(D78="Rəsmi gəlir",AA10,IF(D78="Qeyri rəsmi gəlir",AB10)) -> 0 | P78: =IF(G78="2",H78,IF(G78="3",H78,IF(G78="4",I78,IF(G78="5",I78,IF(G78="6",I78,IF(G78="7",J78,IF(G78="8",J78,IF(G78="9",J78,IF(G78="10",K78,IF(G78="11",K78,IF(G78="12",K78,IF(G78="13",L78,IF(G78="14",L78,IF(G78="15",L78,IF(G78="16",M78,IF(G78="17",M78,IF(G78="18",M78,IF(G78="19",N78,IF(G78="20",N78,IF(G78="21",N78,IF(G78="22",O78,IF(G78="23",O78,IF(G78="24",O78))))))))))))))))))))))) -> FALSE | Q78: =F78*P78 -> 0 | R78: =IF(Q78<=0,"-",IF(Q78>0,9)) -> - | T78: =U78*S78 -> #VALUE! | U78: =F78-(F78*P78)-R78 -> #VALUE! | V78: =U78-T78 -> #VALUE!
A79: 77 | D79: Rəsmi gəlir | F79: =E79-(E79*Z13) -> 0 | H79: =IF(D79="Rəsmi gəlir",AA3,IF(D79="Qeyri rəsmi gəlir",AB3)) -> 0.07 | I79: =IF(D79="Rəsmi gəlir",AA4,IF(D79="Qeyri rəsmi gəlir",AB4)) -> 0.12 | J79: =IF(D79="Rəsmi gəlir",AA5,IF(D79="Qeyri rəsmi gəlir",AB5)) -> 0.16 | K79: =IF(D79="Rəsmi gəlir",AA6,IF(D79="Qeyri rəsmi gəlir",AB6)) -> 0.2 | L79: =IF(D79="Rəsmi gəlir",AA7,IF(D79="Qeyri rəsmi gəlir",AB7)) -> 0.23 | M79: =IF(D79="Rəsmi gəlir",AA8,IF(D79="Qeyri rəsmi gəlir",AB8)) -> 0.256 | N79: =IF(D79="Rəsmi gəlir",AA9,IF(D79="Qeyri rəsmi gəlir",AB9)) -> 0.2855 | O79: =IF(D79="Rəsmi gəlir",AA10,IF(D79="Qeyri rəsmi gəlir",AB10)) -> 0 | P79: =IF(G79="2",H79,IF(G79="3",H79,IF(G79="4",I79,IF(G79="5",I79,IF(G79="6",I79,IF(G79="7",J79,IF(G79="8",J79,IF(G79="9",J79,IF(G79="10",K79,IF(G79="11",K79,IF(G79="12",K79,IF(G79="13",L79,IF(G79="14",L79,IF(G79="15",L79,IF(G79="16",M79,IF(G79="17",M79,IF(G79="18",M79,IF(G79="19",N79,IF(G79="20",N79,IF(G79="21",N79,IF(G79="22",O79,IF(G79="23",O79,IF(G79="24",O79))))))))))))))))))))))) -> FALSE | Q79: =F79*P79 -> 0 | R79: =IF(Q79<=0,"-",IF(Q79>0,9)) -> - | T79: =U79*S79 -> #VALUE! | U79: =F79-(F79*P79)-R79 -> #VALUE! | V79: =U79-T79 -> #VALUE!
A80: 78 | D80: Rəsmi gəlir | F80: =E80-(E80*Z13) -> 0 | H80: =IF(D80="Rəsmi gəlir",AA3,IF(D80="Qeyri rəsmi gəlir",AB3)) -> 0.07 | I80: =IF(D80="Rəsmi gəlir",AA4,IF(D80="Qeyri rəsmi gəlir",AB4)) -> 0.12 | J80: =IF(D80="Rəsmi gəlir",AA5,IF(D80="Qeyri rəsmi gəlir",AB5)) -> 0.16 | K80: =IF(D80="Rəsmi gəlir",AA6,IF(D80="Qeyri rəsmi gəlir",AB6)) -> 0.2 | L80: =IF(D80="Rəsmi gəlir",AA7,IF(D80="Qeyri rəsmi gəlir",AB7)) -> 0.23 | M80: =IF(D80="Rəsmi gəlir",AA8,IF(D80="Qeyri rəsmi gəlir",AB8)) -> 0.256 | N80: =IF(D80="Rəsmi gəlir",AA9,IF(D80="Qeyri rəsmi gəlir",AB9)) -> 0.2855 | O80: =IF(D80="Rəsmi gəlir",AA10,IF(D80="Qeyri rəsmi gəlir",AB10)) -> 0 | P80: =IF(G80="2",H80,IF(G80="3",H80,IF(G80="4",I80,IF(G80="5",I80,IF(G80="6",I80,IF(G80="7",J80,IF(G80="8",J80,IF(G80="9",J80,IF(G80="10",K80,IF(G80="11",K80,IF(G80="12",K80,IF(G80="13",L80,IF(G80="14",L80,IF(G80="15",L80,IF(G80="16",M80,IF(G80="17",M80,IF(G80="18",M80,IF(G80="19",N80,IF(G80="20",N80,IF(G80="21",N80,IF(G80="22",O80,IF(G80="23",O80,IF(G80="24",O80))))))))))))))))))))))) -> FALSE | Q80: =F80*P80 -> 0 | R80: =IF(Q80<=0,"-",IF(Q80>0,9)) -> - | T80: =U80*S80 -> #VALUE! | U80: =F80-(F80*P80)-R80 -> #VALUE! | V80: =U80-T80 -> #VALUE!
A81: 79 | D81: Rəsmi gəlir | F81: =E81-(E81*Z13) -> 0 | H81: =IF(D81="Rəsmi gəlir",AA3,IF(D81="Qeyri rəsmi gəlir",AB3)) -> 0.07 | I81: =IF(D81="Rəsmi gəlir",AA4,IF(D81="Qeyri rəsmi gəlir",AB4)) -> 0.12 | J81: =IF(D81="Rəsmi gəlir",AA5,IF(D81="Qeyri rəsmi gəlir",AB5)) -> 0.16 | K81: =IF(D81="Rəsmi gəlir",AA6,IF(D81="Qeyri rəsmi gəlir",AB6)) -> 0.2 | L81: =IF(D81="Rəsmi gəlir",AA7,IF(D81="Qeyri rəsmi gəlir",AB7)) -> 0.23 | M81: =IF(D81="Rəsmi gəlir",AA8,IF(D81="Qeyri rəsmi gəlir",AB8)) -> 0.256 | N81: =IF(D81="Rəsmi gəlir",AA9,IF(D81="Qeyri rəsmi gəlir",AB9)) -> 0.2855 | O81: =IF(D81="Rəsmi gəlir",AA10,IF(D81="Qeyri rəsmi gəlir",AB10)) -> 0 | P81: =IF(G81="2",H81,IF(G81="3",H81,IF(G81="4",I81,IF(G81="5",I81,IF(G81="6",I81,IF(G81="7",J81,IF(G81="8",J81,IF(G81="9",J81,IF(G81="10",K81,IF(G81="11",K81,IF(G81="12",K81,IF(G81="13",L81,IF(G81="14",L81,IF(G81="15",L81,IF(G81="16",M81,IF(G81="17",M81,IF(G81="18",M81,IF(G81="19",N81,IF(G81="20",N81,IF(G81="21",N81,IF(G81="22",O81,IF(G81="23",O81,IF(G81="24",O81))))))))))))))))))))))) -> FALSE | Q81: =F81*P81 -> 0 | R81: =IF(Q81<=0,"-",IF(Q81>0,9)) -> - | T81: =U81*S81 -> #VALUE! | U81: =F81-(F81*P81)-R81 -> #VALUE! | V81: =U81-T81 -> #VALUE!
A82: 80 | D82: Rəsmi gəlir | F82: =E82-(E82*Z13) -> 0 | H82: =IF(D82="Rəsmi gəlir",AA3,IF(D82="Qeyri rəsmi gəlir",AB3)) -> 0.07 | I82: =IF(D82="Rəsmi gəlir",AA4,IF(D82="Qeyri rəsmi gəlir",AB4)) -> 0.12 | J82: =IF(D82="Rəsmi gəlir",AA5,IF(D82="Qeyri rəsmi gəlir",AB5)) -> 0.16 | K82: =IF(D82="Rəsmi gəlir",AA6,IF(D82="Qeyri rəsmi gəlir",AB6)) -> 0.2 | L82: =IF(D82="Rəsmi gəlir",AA7,IF(D82="Qeyri rəsmi gəlir",AB7)) -> 0.23 | M82: =IF(D82="Rəsmi gəlir",AA8,IF(D82="Qeyri rəsmi gəlir",AB8)) -> 0.256 | N82: =IF(D82="Rəsmi gəlir",AA9,IF(D82="Qeyri rəsmi gəlir",AB9)) -> 0.2855 | O82: =IF(D82="Rəsmi gəlir",AA10,IF(D82="Qeyri rəsmi gəlir",AB10)) -> 0 | P82: =IF(G82="2",H82,IF(G82="3",H82,IF(G82="4",I82,IF(G82="5",I82,IF(G82="6",I82,IF(G82="7",J82,IF(G82="8",J82,IF(G82="9",J82,IF(G82="10",K82,IF(G82="11",K82,IF(G82="12",K82,IF(G82="13",L82,IF(G82="14",L82,IF(G82="15",L82,IF(G82="16",M82,IF(G82="17",M82,IF(G82="18",M82,IF(G82="19",N82,IF(G82="20",N82,IF(G82="21",N82,IF(G82="22",O82,IF(G82="23",O82,IF(G82="24",O82))))))))))))))))))))))) -> FALSE | Q82: =F82*P82 -> 0 | R82: =IF(Q82<=0,"-",IF(Q82>0,9)) -> - | T82: =U82*S82 -> #VALUE! | U82: =F82-(F82*P82)-R82 -> #VALUE! | V82: =U82-T82 -> #VALUE!
A83: 81 | D83: Rəsmi gəlir | F83: =E83-(E83*Z13) -> 0 | H83: =IF(D83="Rəsmi gəlir",AA3,IF(D83="Qeyri rəsmi gəlir",AB3)) -> 0.07 | I83: =IF(D83="Rəsmi gəlir",AA4,IF(D83="Qeyri rəsmi gəlir",AB4)) -> 0.12 | J83: =IF(D83="Rəsmi gəlir",AA5,IF(D83="Qeyri rəsmi gəlir",AB5)) -> 0.16 | K83: =IF(D83="Rəsmi gəlir",AA6,IF(D83="Qeyri rəsmi gəlir",AB6)) -> 0.2 | L83: =IF(D83="Rəsmi gəlir",AA7,IF(D83="Qeyri rəsmi gəlir",AB7)) -> 0.23 | M83: =IF(D83="Rəsmi gəlir",AA8,IF(D83="Qeyri rəsmi gəlir",AB8)) -> 0.256 | N83: =IF(D83="Rəsmi gəlir",AA9,IF(D83="Qeyri rəsmi gəlir",AB9)) -> 0.2855 | O83: =IF(D83="Rəsmi gəlir",AA10,IF(D83="Qeyri rəsmi gəlir",AB10)) -> 0 | P83: =IF(G83="2",H83,IF(G83="3",H83,IF(G83="4",I83,IF(G83="5",I83,IF(G83="6",I83,IF(G83="7",J83,IF(G83="8",J83,IF(G83="9",J83,IF(G83="10",K83,IF(G83="11",K83,IF(G83="12",K83,IF(G83="13",L83,IF(G83="14",L83,IF(G83="15",L83,IF(G83="16",M83,IF(G83="17",M83,IF(G83="18",M83,IF(G83="19",N83,IF(G83="20",N83,IF(G83="21",N83,IF(G83="22",O83,IF(G83="23",O83,IF(G83="24",O83))))))))))))))))))))))) -> FALSE | Q83: =F83*P83 -> 0 | R83: =IF(Q83<=0,"-",IF(Q83>0,9)) -> - | T83: =U83*S83 -> #VALUE! | U83: =F83-(F83*P83)-R83 -> #VALUE! | V83: =U83-T83 -> #VALUE!
A84: 82 | D84: Rəsmi gəlir | F84: =E84-(E84*Z13) -> 0 | H84: =IF(D84="Rəsmi gəlir",AA3,IF(D84="Qeyri rəsmi gəlir",AB3)) -> 0.07 | I84: =IF(D84="Rəsmi gəlir",AA4,IF(D84="Qeyri rəsmi gəlir",AB4)) -> 0.12 | J84: =IF(D84="Rəsmi gəlir",AA5,IF(D84="Qeyri rəsmi gəlir",AB5)) -> 0.16 | K84: =IF(D84="Rəsmi gəlir",AA6,IF(D84="Qeyri rəsmi gəlir",AB6)) -> 0.2 | L84: =IF(D84="Rəsmi gəlir",AA7,IF(D84="Qeyri rəsmi gəlir",AB7)) -> 0.23 | M84: =IF(D84="Rəsmi gəlir",AA8,IF(D84="Qeyri rəsmi gəlir",AB8)) -> 0.256 | N84: =IF(D84="Rəsmi gəlir",AA9,IF(D84="Qeyri rəsmi gəlir",AB9)) -> 0.2855 | O84: =IF(D84="Rəsmi gəlir",AA10,IF(D84="Qeyri rəsmi gəlir",AB10)) -> 0 | P84: =IF(G84="2",H84,IF(G84="3",H84,IF(G84="4",I84,IF(G84="5",I84,IF(G84="6",I84,IF(G84="7",J84,IF(G84="8",J84,IF(G84="9",J84,IF(G84="10",K84,IF(G84="11",K84,IF(G84="12",K84,IF(G84="13",L84,IF(G84="14",L84,IF(G84="15",L84,IF(G84="16",M84,IF(G84="17",M84,IF(G84="18",M84,IF(G84="19",N84,IF(G84="20",N84,IF(G84="21",N84,IF(G84="22",O84,IF(G84="23",O84,IF(G84="24",O84))))))))))))))))))))))) -> FALSE | Q84: =F84*P84 -> 0 | R84: =IF(Q84<=0,"-",IF(Q84>0,9)) -> - | T84: =U84*S84 -> #VALUE! | U84: =F84-(F84*P84)-R84 -> #VALUE! | V84: =U84-T84 -> #VALUE!
A85: 83 | D85: Rəsmi gəlir | F85: =E85-(E85*Z13) -> 0 | H85: =IF(D85="Rəsmi gəlir",AA3,IF(D85="Qeyri rəsmi gəlir",AB3)) -> 0.07 | I85: =IF(D85="Rəsmi gəlir",AA4,IF(D85="Qeyri rəsmi gəlir",AB4)) -> 0.12 | J85: =IF(D85="Rəsmi gəlir",AA5,IF(D85="Qeyri rəsmi gəlir",AB5)) -> 0.16 | K85: =IF(D85="Rəsmi gəlir",AA6,IF(D85="Qeyri rəsmi gəlir",AB6)) -> 0.2 | L85: =IF(D85="Rəsmi gəlir",AA7,IF(D85="Qeyri rəsmi gəlir",AB7)) -> 0.23 | M85: =IF(D85="Rəsmi gəlir",AA8,IF(D85="Qeyri rəsmi gəlir",AB8)) -> 0.256 | N85: =IF(D85="Rəsmi gəlir",AA9,IF(D85="Qeyri rəsmi gəlir",AB9)) -> 0.2855 | O85: =IF(D85="Rəsmi gəlir",AA10,IF(D85="Qeyri rəsmi gəlir",AB10)) -> 0 | P85: =IF(G85="2",H85,IF(G85="3",H85,IF(G85="4",I85,IF(G85="5",I85,IF(G85="6",I85,IF(G85="7",J85,IF(G85="8",J85,IF(G85="9",J85,IF(G85="10",K85,IF(G85="11",K85,IF(G85="12",K85,IF(G85="13",L85,IF(G85="14",L85,IF(G85="15",L85,IF(G85="16",M85,IF(G85="17",M85,IF(G85="18",M85,IF(G85="19",N85,IF(G85="20",N85,IF(G85="21",N85,IF(G85="22",O85,IF(G85="23",O85,IF(G85="24",O85))))))))))))))))))))))) -> FALSE | Q85: =F85*P85 -> 0 | R85: =IF(Q85<=0,"-",IF(Q85>0,9)) -> - | T85: =U85*S85 -> #VALUE! | U85: =F85-(F85*P85)-R85 -> #VALUE! | V85: =U85-T85 -> #VALUE!
A86: 84 | D86: Rəsmi gəlir | F86: =E86-(E86*Z13) -> 0 | H86: =IF(D86="Rəsmi gəlir",AA3,IF(D86="Qeyri rəsmi gəlir",AB3)) -> 0.07 | I86: =IF(D86="Rəsmi gəlir",AA4,IF(D86="Qeyri rəsmi gəlir",AB4)) -> 0.12 | J86: =IF(D86="Rəsmi gəlir",AA5,IF(D86="Qeyri rəsmi gəlir",AB5)) -> 0.16 | K86: =IF(D86="Rəsmi gəlir",AA6,IF(D86="Qeyri rəsmi gəlir",AB6)) -> 0.2 | L86: =IF(D86="Rəsmi gəlir",AA7,IF(D86="Qeyri rəsmi gəlir",AB7)) -> 0.23 | M86: =IF(D86="Rəsmi gəlir",AA8,IF(D86="Qeyri rəsmi gəlir",AB8)) -> 0.256 | N86: =IF(D86="Rəsmi gəlir",AA9,IF(D86="Qeyri rəsmi gəlir",AB9)) -> 0.2855 | O86: =IF(D86="Rəsmi gəlir",AA10,IF(D86="Qeyri rəsmi gəlir",AB10)) -> 0 | P86: =IF(G86="2",H86,IF(G86="3",H86,IF(G86="4",I86,IF(G86="5",I86,IF(G86="6",I86,IF(G86="7",J86,IF(G86="8",J86,IF(G86="9",J86,IF(G86="10",K86,IF(G86="11",K86,IF(G86="12",K86,IF(G86="13",L86,IF(G86="14",L86,IF(G86="15",L86,IF(G86="16",M86,IF(G86="17",M86,IF(G86="18",M86,IF(G86="19",N86,IF(G86="20",N86,IF(G86="21",N86,IF(G86="22",O86,IF(G86="23",O86,IF(G86="24",O86))))))))))))))))))))))) -> FALSE | Q86: =F86*P86 -> 0 | R86: =IF(Q86<=0,"-",IF(Q86>0,9)) -> - | T86: =U86*S86 -> #VALUE! | U86: =F86-(F86*P86)-R86 -> #VALUE! | V86: =U86-T86 -> #VALUE!
A87: 85 | D87: Rəsmi gəlir | F87: =E87-(E87*Z13) -> 0 | H87: =IF(D87="Rəsmi gəlir",AA3,IF(D87="Qeyri rəsmi gəlir",AB3)) -> 0.07 | I87: =IF(D87="Rəsmi gəlir",AA4,IF(D87="Qeyri rəsmi gəlir",AB4)) -> 0.12 | J87: =IF(D87="Rəsmi gəlir",AA5,IF(D87="Qeyri rəsmi gəlir",AB5)) -> 0.16 | K87: =IF(D87="Rəsmi gəlir",AA6,IF(D87="Qeyri rəsmi gəlir",AB6)) -> 0.2 | L87: =IF(D87="Rəsmi gəlir",AA7,IF(D87="Qeyri rəsmi gəlir",AB7)) -> 0.23 | M87: =IF(D87="Rəsmi gəlir",AA8,IF(D87="Qeyri rəsmi gəlir",AB8)) -> 0.256 | N87: =IF(D87="Rəsmi gəlir",AA9,IF(D87="Qeyri rəsmi gəlir",AB9)) -> 0.2855 | O87: =IF(D87="Rəsmi gəlir",AA10,IF(D87="Qeyri rəsmi gəlir",AB10)) -> 0 | P87: =IF(G87="2",H87,IF(G87="3",H87,IF(G87="4",I87,IF(G87="5",I87,IF(G87="6",I87,IF(G87="7",J87,IF(G87="8",J87,IF(G87="9",J87,IF(G87="10",K87,IF(G87="11",K87,IF(G87="12",K87,IF(G87="13",L87,IF(G87="14",L87,IF(G87="15",L87,IF(G87="16",M87,IF(G87="17",M87,IF(G87="18",M87,IF(G87="19",N87,IF(G87="20",N87,IF(G87="21",N87,IF(G87="22",O87,IF(G87="23",O87,IF(G87="24",O87))))))))))))))))))))))) -> FALSE | Q87: =F87*P87 -> 0 | R87: =IF(Q87<=0,"-",IF(Q87>0,9)) -> - | T87: =U87*S87 -> #VALUE! | U87: =F87-(F87*P87)-R87 -> #VALUE! | V87: =U87-T87 -> #VALUE!
A88: 86 | D88: Rəsmi gəlir | F88: =E88-(E88*Z13) -> 0 | H88: =IF(D88="Rəsmi gəlir",AA3,IF(D88="Qeyri rəsmi gəlir",AB3)) -> 0.07 | I88: =IF(D88="Rəsmi gəlir",AA4,IF(D88="Qeyri rəsmi gəlir",AB4)) -> 0.12 | J88: =IF(D88="Rəsmi gəlir",AA5,IF(D88="Qeyri rəsmi gəlir",AB5)) -> 0.16 | K88: =IF(D88="Rəsmi gəlir",AA6,IF(D88="Qeyri rəsmi gəlir",AB6)) -> 0.2 | L88: =IF(D88="Rəsmi gəlir",AA7,IF(D88="Qeyri rəsmi gəlir",AB7)) -> 0.23 | M88: =IF(D88="Rəsmi gəlir",AA8,IF(D88="Qeyri rəsmi gəlir",AB8)) -> 0.256 | N88: =IF(D88="Rəsmi gəlir",AA9,IF(D88="Qeyri rəsmi gəlir",AB9)) -> 0.2855 | O88: =IF(D88="Rəsmi gəlir",AA10,IF(D88="Qeyri rəsmi gəlir",AB10)) -> 0 | P88: =IF(G88="2",H88,IF(G88="3",H88,IF(G88="4",I88,IF(G88="5",I88,IF(G88="6",I88,IF(G88="7",J88,IF(G88="8",J88,IF(G88="9",J88,IF(G88="10",K88,IF(G88="11",K88,IF(G88="12",K88,IF(G88="13",L88,IF(G88="14",L88,IF(G88="15",L88,IF(G88="16",M88,IF(G88="17",M88,IF(G88="18",M88,IF(G88="19",N88,IF(G88="20",N88,IF(G88="21",N88,IF(G88="22",O88,IF(G88="23",O88,IF(G88="24",O88))))))))))))))))))))))) -> FALSE | Q88: =F88*P88 -> 0 | R88: =IF(Q88<=0,"-",IF(Q88>0,9)) -> - | T88: =U88*S88 -> #VALUE! | U88: =F88-(F88*P88)-R88 -> #VALUE! | V88: =U88-T88 -> #VALUE!
A89: 87 | D89: Rəsmi gəlir | F89: =E89-(E89*Z13) -> 0 | H89: =IF(D89="Rəsmi gəlir",AA3,IF(D89="Qeyri rəsmi gəlir",AB3)) -> 0.07 | I89: =IF(D89="Rəsmi gəlir",AA4,IF(D89="Qeyri rəsmi gəlir",AB4)) -> 0.12 | J89: =IF(D89="Rəsmi gəlir",AA5,IF(D89="Qeyri rəsmi gəlir",AB5)) -> 0.16 | K89: =IF(D89="Rəsmi gəlir",AA6,IF(D89="Qeyri rəsmi gəlir",AB6)) -> 0.2 | L89: =IF(D89="Rəsmi gəlir",AA7,IF(D89="Qeyri rəsmi gəlir",AB7)) -> 0.23 | M89: =IF(D89="Rəsmi gəlir",AA8,IF(D89="Qeyri rəsmi gəlir",AB8)) -> 0.256 | N89: =IF(D89="Rəsmi gəlir",AA9,IF(D89="Qeyri rəsmi gəlir",AB9)) -> 0.2855 | O89: =IF(D89="Rəsmi gəlir",AA10,IF(D89="Qeyri rəsmi gəlir",AB10)) -> 0 | P89: =IF(G89="2",H89,IF(G89="3",H89,IF(G89="4",I89,IF(G89="5",I89,IF(G89="6",I89,IF(G89="7",J89,IF(G89="8",J89,IF(G89="9",J89,IF(G89="10",K89,IF(G89="11",K89,IF(G89="12",K89,IF(G89="13",L89,IF(G89="14",L89,IF(G89="15",L89,IF(G89="16",M89,IF(G89="17",M89,IF(G89="18",M89,IF(G89="19",N89,IF(G89="20",N89,IF(G89="21",N89,IF(G89="22",O89,IF(G89="23",O89,IF(G89="24",O89))))))))))))))))))))))) -> FALSE | Q89: =F89*P89 -> 0 | R89: =IF(Q89<=0,"-",IF(Q89>0,9)) -> - | T89: =U89*S89 -> #VALUE! | U89: =F89-(F89*P89)-R89 -> #VALUE! | V89: =U89-T89 -> #VALUE!
A90: 88 | D90: Rəsmi gəlir | F90: =E90-(E90*Z13) -> 0 | H90: =IF(D90="Rəsmi gəlir",AA3,IF(D90="Qeyri rəsmi gəlir",AB3)) -> 0.07 | I90: =IF(D90="Rəsmi gəlir",AA4,IF(D90="Qeyri rəsmi gəlir",AB4)) -> 0.12 | J90: =IF(D90="Rəsmi gəlir",AA5,IF(D90="Qeyri rəsmi gəlir",AB5)) -> 0.16 | K90: =IF(D90="Rəsmi gəlir",AA6,IF(D90="Qeyri rəsmi gəlir",AB6)) -> 0.2 | L90: =IF(D90="Rəsmi gəlir",AA7,IF(D90="Qeyri rəsmi gəlir",AB7)) -> 0.23 | M90: =IF(D90="Rəsmi gəlir",AA8,IF(D90="Qeyri rəsmi gəlir",AB8)) -> 0.256 | N90: =IF(D90="Rəsmi gəlir",AA9,IF(D90="Qeyri rəsmi gəlir",AB9)) -> 0.2855 | O90: =IF(D90="Rəsmi gəlir",AA10,IF(D90="Qeyri rəsmi gəlir",AB10)) -> 0 | P90: =IF(G90="2",H90,IF(G90="3",H90,IF(G90="4",I90,IF(G90="5",I90,IF(G90="6",I90,IF(G90="7",J90,IF(G90="8",J90,IF(G90="9",J90,IF(G90="10",K90,IF(G90="11",K90,IF(G90="12",K90,IF(G90="13",L90,IF(G90="14",L90,IF(G90="15",L90,IF(G90="16",M90,IF(G90="17",M90,IF(G90="18",M90,IF(G90="19",N90,IF(G90="20",N90,IF(G90="21",N90,IF(G90="22",O90,IF(G90="23",O90,IF(G90="24",O90))))))))))))))))))))))) -> FALSE | Q90: =F90*P90 -> 0 | R90: =IF(Q90<=0,"-",IF(Q90>0,9)) -> - | T90: =U90*S90 -> #VALUE! | U90: =F90-(F90*P90)-R90 -> #VALUE! | V90: =U90-T90 -> #VALUE!
A91: 89 | D91: Rəsmi gəlir | F91: =E91-(E91*Z13) -> 0 | H91: =IF(D91="Rəsmi gəlir",AA3,IF(D91="Qeyri rəsmi gəlir",AB3)) -> 0.07 | I91: =IF(D91="Rəsmi gəlir",AA4,IF(D91="Qeyri rəsmi gəlir",AB4)) -> 0.12 | J91: =IF(D91="Rəsmi gəlir",AA5,IF(D91="Qeyri rəsmi gəlir",AB5)) -> 0.16 | K91: =IF(D91="Rəsmi gəlir",AA6,IF(D91="Qeyri rəsmi gəlir",AB6)) -> 0.2 | L91: =IF(D91="Rəsmi gəlir",AA7,IF(D91="Qeyri rəsmi gəlir",AB7)) -> 0.23 | M91: =IF(D91="Rəsmi gəlir",AA8,IF(D91="Qeyri rəsmi gəlir",AB8)) -> 0.256 | N91: =IF(D91="Rəsmi gəlir",AA9,IF(D91="Qeyri rəsmi gəlir",AB9)) -> 0.2855 | O91: =IF(D91="Rəsmi gəlir",AA10,IF(D91="Qeyri rəsmi gəlir",AB10)) -> 0 | P91: =IF(G91="2",H91,IF(G91="3",H91,IF(G91="4",I91,IF(G91="5",I91,IF(G91="6",I91,IF(G91="7",J91,IF(G91="8",J91,IF(G91="9",J91,IF(G91="10",K91,IF(G91="11",K91,IF(G91="12",K91,IF(G91="13",L91,IF(G91="14",L91,IF(G91="15",L91,IF(G91="16",M91,IF(G91="17",M91,IF(G91="18",M91,IF(G91="19",N91,IF(G91="20",N91,IF(G91="21",N91,IF(G91="22",O91,IF(G91="23",O91,IF(G91="24",O91))))))))))))))))))))))) -> FALSE | Q91: =F91*P91 -> 0 | R91: =IF(Q91<=0,"-",IF(Q91>0,9)) -> - | T91: =U91*S91 -> #VALUE! | U91: =F91-(F91*P91)-R91 -> #VALUE! | V91: =U91-T91 -> #VALUE!
A92: 90 | D92: Rəsmi gəlir | F92: =E92-(E92*Z13) -> 0 | H92: =IF(D92="Rəsmi gəlir",AA3,IF(D92="Qeyri rəsmi gəlir",AB3)) -> 0.07 | I92: =IF(D92="Rəsmi gəlir",AA4,IF(D92="Qeyri rəsmi gəlir",AB4)) -> 0.12 | J92: =IF(D92="Rəsmi gəlir",AA5,IF(D92="Qeyri rəsmi gəlir",AB5)) -> 0.16 | K92: =IF(D92="Rəsmi gəlir",AA6,IF(D92="Qeyri rəsmi gəlir",AB6)) -> 0.2 | L92: =IF(D92="Rəsmi gəlir",AA7,IF(D92="Qeyri rəsmi gəlir",AB7)) -> 0.23 | M92: =IF(D92="Rəsmi gəlir",AA8,IF(D92="Qeyri rəsmi gəlir",AB8)) -> 0.256 | N92: =IF(D92="Rəsmi gəlir",AA9,IF(D92="Qeyri rəsmi gəlir",AB9)) -> 0.2855 | O92: =IF(D92="Rəsmi gəlir",AA10,IF(D92="Qeyri rəsmi gəlir",AB10)) -> 0 | P92: =IF(G92="2",H92,IF(G92="3",H92,IF(G92="4",I92,IF(G92="5",I92,IF(G92="6",I92,IF(G92="7",J92,IF(G92="8",J92,IF(G92="9",J92,IF(G92="10",K92,IF(G92="11",K92,IF(G92="12",K92,IF(G92="13",L92,IF(G92="14",L92,IF(G92="15",L92,IF(G92="16",M92,IF(G92="17",M92,IF(G92="18",M92,IF(G92="19",N92,IF(G92="20",N92,IF(G92="21",N92,IF(G92="22",O92,IF(G92="23",O92,IF(G92="24",O92))))))))))))))))))))))) -> FALSE | Q92: =F92*P92 -> 0 | R92: =IF(Q92<=0,"-",IF(Q92>0,9)) -> - | T92: =U92*S92 -> #VALUE! | U92: =F92-(F92*P92)-R92 -> #VALUE! | V92: =U92-T92 -> #VALUE!
A93: 91 | D93: Rəsmi gəlir | F93: =E93-(E93*Z13) -> 0 | H93: =IF(D93="Rəsmi gəlir",AA3,IF(D93="Qeyri rəsmi gəlir",AB3)) -> 0.07 | I93: =IF(D93="Rəsmi gəlir",AA4,IF(D93="Qeyri rəsmi gəlir",AB4)) -> 0.12 | J93: =IF(D93="Rəsmi gəlir",AA5,IF(D93="Qeyri rəsmi gəlir",AB5)) -> 0.16 | K93: =IF(D93="Rəsmi gəlir",AA6,IF(D93="Qeyri rəsmi gəlir",AB6)) -> 0.2 | L93: =IF(D93="Rəsmi gəlir",AA7,IF(D93="Qeyri rəsmi gəlir",AB7)) -> 0.23 | M93: =IF(D93="Rəsmi gəlir",AA8,IF(D93="Qeyri rəsmi gəlir",AB8)) -> 0.256 | N93: =IF(D93="Rəsmi gəlir",AA9,IF(D93="Qeyri rəsmi gəlir",AB9)) -> 0.2855 | O93: =IF(D93="Rəsmi gəlir",AA10,IF(D93="Qeyri rəsmi gəlir",AB10)) -> 0 | P93: =IF(G93="2",H93,IF(G93="3",H93,IF(G93="4",I93,IF(G93="5",I93,IF(G93="6",I93,IF(G93="7",J93,IF(G93="8",J93,IF(G93="9",J93,IF(G93="10",K93,IF(G93="11",K93,IF(G93="12",K93,IF(G93="13",L93,IF(G93="14",L93,IF(G93="15",L93,IF(G93="16",M93,IF(G93="17",M93,IF(G93="18",M93,IF(G93="19",N93,IF(G93="20",N93,IF(G93="21",N93,IF(G93="22",O93,IF(G93="23",O93,IF(G93="24",O93))))))))))))))))))))))) -> FALSE | Q93: =F93*P93 -> 0 | R93: =IF(Q93<=0,"-",IF(Q93>0,9)) -> - | T93: =U93*S93 -> #VALUE! | U93: =F93-(F93*P93)-R93 -> #VALUE! | V93: =U93-T93 -> #VALUE!
A94: 92 | D94: Rəsmi gəlir | F94: =E94-(E94*Z13) -> 0 | H94: =IF(D94="Rəsmi gəlir",AA3,IF(D94="Qeyri rəsmi gəlir",AB3)) -> 0.07 | I94: =IF(D94="Rəsmi gəlir",AA4,IF(D94="Qeyri rəsmi gəlir",AB4)) -> 0.12 | J94: =IF(D94="Rəsmi gəlir",AA5,IF(D94="Qeyri rəsmi gəlir",AB5)) -> 0.16 | K94: =IF(D94="Rəsmi gəlir",AA6,IF(D94="Qeyri rəsmi gəlir",AB6)) -> 0.2 | L94: =IF(D94="Rəsmi gəlir",AA7,IF(D94="Qeyri rəsmi gəlir",AB7)) -> 0.23 | M94: =IF(D94="Rəsmi gəlir",AA8,IF(D94="Qeyri rəsmi gəlir",AB8)) -> 0.256 | N94: =IF(D94="Rəsmi gəlir",AA9,IF(D94="Qeyri rəsmi gəlir",AB9)) -> 0.2855 | O94: =IF(D94="Rəsmi gəlir",AA10,IF(D94="Qeyri rəsmi gəlir",AB10)) -> 0 | P94: =IF(G94="2",H94,IF(G94="3",H94,IF(G94="4",I94,IF(G94="5",I94,IF(G94="6",I94,IF(G94="7",J94,IF(G94="8",J94,IF(G94="9",J94,IF(G94="10",K94,IF(G94="11",K94,IF(G94="12",K94,IF(G94="13",L94,IF(G94="14",L94,IF(G94="15",L94,IF(G94="16",M94,IF(G94="17",M94,IF(G94="18",M94,IF(G94="19",N94,IF(G94="20",N94,IF(G94="21",N94,IF(G94="22",O94,IF(G94="23",O94,IF(G94="24",O94))))))))))))))))))))))) -> FALSE | Q94: =F94*P94 -> 0 | R94: =IF(Q94<=0,"-",IF(Q94>0,9)) -> - | T94: =U94*S94 -> #VALUE! | U94: =F94-(F94*P94)-R94 -> #VALUE! | V94: =U94-T94 -> #VALUE!
A95: 93 | D95: Rəsmi gəlir | F95: =E95-(E95*Z13) -> 0 | H95: =IF(D95="Rəsmi gəlir",AA3,IF(D95="Qeyri rəsmi gəlir",AB3)) -> 0.07 | I95: =IF(D95="Rəsmi gəlir",AA4,IF(D95="Qeyri rəsmi gəlir",AB4)) -> 0.12 | J95: =IF(D95="Rəsmi gəlir",AA5,IF(D95="Qeyri rəsmi gəlir",AB5)) -> 0.16 | K95: =IF(D95="Rəsmi gəlir",AA6,IF(D95="Qeyri rəsmi gəlir",AB6)) -> 0.2 | L95: =IF(D95="Rəsmi gəlir",AA7,IF(D95="Qeyri rəsmi gəlir",AB7)) -> 0.23 | M95: =IF(D95="Rəsmi gəlir",AA8,IF(D95="Qeyri rəsmi gəlir",AB8)) -> 0.256 | N95: =IF(D95="Rəsmi gəlir",AA9,IF(D95="Qeyri rəsmi gəlir",AB9)) -> 0.2855 | O95: =IF(D95="Rəsmi gəlir",AA10,IF(D95="Qeyri rəsmi gəlir",AB10)) -> 0 | P95: =IF(G95="2",H95,IF(G95="3",H95,IF(G95="4",I95,IF(G95="5",I95,IF(G95="6",I95,IF(G95="7",J95,IF(G95="8",J95,IF(G95="9",J95,IF(G95="10",K95,IF(G95="11",K95,IF(G95="12",K95,IF(G95="13",L95,IF(G95="14",L95,IF(G95="15",L95,IF(G95="16",M95,IF(G95="17",M95,IF(G95="18",M95,IF(G95="19",N95,IF(G95="20",N95,IF(G95="21",N95,IF(G95="22",O95,IF(G95="23",O95,IF(G95="24",O95))))))))))))))))))))))) -> FALSE | Q95: =F95*P95 -> 0 | R95: =IF(Q95<=0,"-",IF(Q95>0,9)) -> - | T95: =U95*S95 -> #VALUE! | U95: =F95-(F95*P95)-R95 -> #VALUE! | V95: =U95-T95 -> #VALUE!
A96: 94 | D96: Rəsmi gəlir | F96: =E96-(E96*Z13) -> 0 | H96: =IF(D96="Rəsmi gəlir",AA3,IF(D96="Qeyri rəsmi gəlir",AB3)) -> 0.07 | I96: =IF(D96="Rəsmi gəlir",AA4,IF(D96="Qeyri rəsmi gəlir",AB4)) -> 0.12 | J96: =IF(D96="Rəsmi gəlir",AA5,IF(D96="Qeyri rəsmi gəlir",AB5)) -> 0.16 | K96: =IF(D96="Rəsmi gəlir",AA6,IF(D96="Qeyri rəsmi gəlir",AB6)) -> 0.2 | L96: =IF(D96="Rəsmi gəlir",AA7,IF(D96="Qeyri rəsmi gəlir",AB7)) -> 0.23 | M96: =IF(D96="Rəsmi gəlir",AA8,IF(D96="Qeyri rəsmi gəlir",AB8)) -> 0.256 | N96: =IF(D96="Rəsmi gəlir",AA9,IF(D96="Qeyri rəsmi gəlir",AB9)) -> 0.2855 | O96: =IF(D96="Rəsmi gəlir",AA10,IF(D96="Qeyri rəsmi gəlir",AB10)) -> 0 | P96: =IF(G96="2",H96,IF(G96="3",H96,IF(G96="4",I96,IF(G96="5",I96,IF(G96="6",I96,IF(G96="7",J96,IF(G96="8",J96,IF(G96="9",J96,IF(G96="10",K96,IF(G96="11",K96,IF(G96="12",K96,IF(G96="13",L96,IF(G96="14",L96,IF(G96="15",L96,IF(G96="16",M96,IF(G96="17",M96,IF(G96="18",M96,IF(G96="19",N96,IF(G96="20",N96,IF(G96="21",N96,IF(G96="22",O96,IF(G96="23",O96,IF(G96="24",O96))))))))))))))))))))))) -> FALSE | Q96: =F96*P96 -> 0 | R96: =IF(Q96<=0,"-",IF(Q96>0,9)) -> - | T96: =U96*S96 -> #VALUE! | U96: =F96-(F96*P96)-R96 -> #VALUE! | V96: =U96-T96 -> #VALUE!
A97: 95 | D97: Rəsmi gəlir | F97: =E97-(E97*Z13) -> 0 | H97: =IF(D97="Rəsmi gəlir",AA3,IF(D97="Qeyri rəsmi gəlir",AB3)) -> 0.07 | I97: =IF(D97="Rəsmi gəlir",AA4,IF(D97="Qeyri rəsmi gəlir",AB4)) -> 0.12 | J97: =IF(D97="Rəsmi gəlir",AA5,IF(D97="Qeyri rəsmi gəlir",AB5)) -> 0.16 | K97: =IF(D97="Rəsmi gəlir",AA6,IF(D97="Qeyri rəsmi gəlir",AB6)) -> 0.2 | L97: =IF(D97="Rəsmi gəlir",AA7,IF(D97="Qeyri rəsmi gəlir",AB7)) -> 0.23 | M97: =IF(D97="Rəsmi gəlir",AA8,IF(D97="Qeyri rəsmi gəlir",AB8)) -> 0.256 | N97: =IF(D97="Rəsmi gəlir",AA9,IF(D97="Qeyri rəsmi gəlir",AB9)) -> 0.2855 | O97: =IF(D97="Rəsmi gəlir",AA10,IF(D97="Qeyri rəsmi gəlir",AB10)) -> 0 | P97: =IF(G97="2",H97,IF(G97="3",H97,IF(G97="4",I97,IF(G97="5",I97,IF(G97="6",I97,IF(G97="7",J97,IF(G97="8",J97,IF(G97="9",J97,IF(G97="10",K97,IF(G97="11",K97,IF(G97="12",K97,IF(G97="13",L97,IF(G97="14",L97,IF(G97="15",L97,IF(G97="16",M97,IF(G97="17",M97,IF(G97="18",M97,IF(G97="19",N97,IF(G97="20",N97,IF(G97="21",N97,IF(G97="22",O97,IF(G97="23",O97,IF(G97="24",O97))))))))))))))))))))))) -> FALSE | Q97: =F97*P97 -> 0 | R97: =IF(Q97<=0,"-",IF(Q97>0,9)) -> - | T97: =U97*S97 -> #VALUE! | U97: =F97-(F97*P97)-R97 -> #VALUE! | V97: =U97-T97 -> #VALUE!
